curves/Recall-Confidence(B)_table,curves/Precision-Recall(B)_table,model/speed_PyTorch(ms),train_batch0,val/dfl_loss,_timestamp,val/cls_loss,F1_curve,train_batch2,curves/Precision-Confidence(B)_table,lr/pg1,R_curve,curves/F1-Confidence(B)_table,labels,train_batch1,lr/pg2,lr/pg0,train/dfl_loss,metrics/precision(B),model/GFLOPs,val_batch1_labels,confusion_matrix,model/parameters,confusion_matrix_normalized,metrics/recall(B),_runtime,val_batch0_pred,metrics/mAP50-95(B),val_batch1_pred,P_curve,train/box_loss,results,val/box_loss,metrics/mAP50(B),train/cls_loss,val_batch0_labels,_step,PR_curve,val_batch2_labels,val_batch2_pred,variant,seed,run_name,epoch
,,3.189,"{'sha256': '7cb9fffed33abd96c07afdfd9dd9ec8636b0249a3264198b52db06f51df5e354', 'size': 805096, 'height': 1920, 'width': 1920, '_type': 'image-file', 'format': 'jpg', 'path': 'media/images/train_batch0_1_7cb9fffed33abd96c07a.jpg'}",2.2857,1779981732.5823321,4.89785,,"{'format': 'jpg', 'path': 'media/images/train_batch2_1_d3523ead8cb982d65fd8.jpg', 'sha256': 'd3523ead8cb982d65fd8bb55694a6c6e3797e8baa183ce0aa72e66920d80ca88', 'size': 700341, 'height': 1920, 'width': 1920, '_type': 'image-file'}",,0.00016438356164383562,,,"{'width': 1600, '_type': 'image-file', 'format': 'jpg', 'path': 'media/images/labels_1_05386a04f4815dd2ac4b.jpg', 'sha256': '05386a04f4815dd2ac4b2af8d144ee94ed4b7e0bf2a6db1744f5a74654eb4a82', 'size': 284986, 'height': 1600}","{'format': 'jpg', 'path': 'media/images/train_batch1_1_7abd9c3874d6005c0f75.jpg', 'sha256': '7abd9c3874d6005c0f7577d8a0fa5c63f1bbfaa708a496a31e34fb56990afcd0', 'size': 693430, 'height': 1920, 'width': 1920, '_type': 'image-file'}",0.00016438356164383562,0.06728767123287671,1.85336,0.3639,165.412,,,43632153.0,,0.34616,81.458626986,,0.12757,,,1.69284,,1.85376,0.27138,2.59572,,1,,,,baseline,1337,baseline_seed1337,1
,,,,2.52471,1779981767.7789655,4.84784,,,,0.0003309693684252292,,,,,0.0003309693684252292,0.034120923706324774,1.82214,0.26346,,,,,,0.25008,116.023749932,,0.07606,,,1.67871,,1.99538,0.17312,2.02243,,2,,,,baseline,1337,baseline_seed1337,2
,,,,2.5454,1779981800.6581166,3.2225,,,,0.0004972307403303534,,,,,0.0004972307403303534,0.0009538517448965528,1.78916,0.2796,,,,,,0.27556,148.880227313,,0.0906,,,1.64117,,2.03829,0.19815,1.89714,,3,,,,baseline,1337,baseline_seed1337,3
,,,,2.40536,1779981833.898178,4.28387,,,,0.0004989015862392623,,,,,0.0004989015862392623,0.0004989015862392623,1.77877,0.4383,,,,,,0.35763,182.200759267,,0.15497,,,1.62536,,1.98346,0.33535,1.88444,,4,,,,baseline,1337,baseline_seed1337,4
,,,,2.16244,1779981867.0944998,2.43894,,,,0.0004980483885753333,,,,,0.0004980483885753333,0.0004980483885753333,1.78177,0.4599,,,,,,0.46065,215.760095235,,0.20211,,,1.62992,,1.83103,0.42064,1.8532,,5,,,,baseline,1337,baseline_seed1337,5
,,,,2.01697,1779981900.5938003,1.92417,,,,0.0004969528642972965,,,,,0.0004969528642972965,0.0004969528642972965,1.75374,0.56075,,,,,,0.50846,248.964989254,,0.26887,,,1.60534,,1.75464,0.52072,1.77455,,6,,,,baseline,1337,baseline_seed1337,6
,,,,1.98522,1779981933.8983538,2.19925,,,,0.0004956160945553505,,,,,0.0004956160945553505,0.0004956160945553505,1.70994,0.58553,,,,,,0.50651,282.090368345,,0.26846,,,1.56743,,1.65616,0.52412,1.70489,,7,,,,baseline,1337,baseline_seed1337,7
,,,,1.91794,1779981966.7870169,1.7575,,,,0.00049403939857984,,,,,0.00049403939857984,0.00049403939857984,1.70223,0.62418,,,,,,0.52058,314.970135925,,0.29054,,,1.53177,,1.63525,0.54377,1.64331,,8,,,,baseline,1337,baseline_seed1337,8
,,,,1.90191,1779981999.652519,1.74265,,,,0.0004922243323793363,,,,,0.0004922243323793363,0.0004922243323793363,1.68471,0.62121,,,,,,0.56949,347.806468235,,0.3215,,,1.51486,,1.60123,0.58545,1.6084,,9,,,,baseline,1337,baseline_seed1337,9
,,,,1.89822,1779982032.3994548,1.65902,,,,0.0004901726872050434,,,,,0.0004901726872050434,0.0004901726872050434,1.6945,0.60306,,,,,,0.53583,380.505261835,,0.31094,,,1.49997,,1.59402,0.5616,1.55095,,10,,,,baseline,1337,baseline_seed1337,10
,,,,1.9202,1779982065.9860957,1.74012,,,,0.0004878864877830505,,,,,0.0004878864877830505,0.0004878864877830505,1.65895,0.61234,,,,,,0.55802,414.138870825,,0.2982,,,1.48211,,1.63238,0.56101,1.52507,,11,,,,baseline,1337,baseline_seed1337,11
,,,,1.91127,1779982098.9938984,1.66289,,,,0.0004853679903161708,,,,,0.0004853679903161708,0.0004853679903161708,1.6593,0.56863,,,,,,0.57657,447.174175553,,0.30898,,,1.47928,,1.60468,0.56827,1.51199,,12,,,,baseline,1337,baseline_seed1337,12
,,,,1.94968,1779982131.971792,1.90076,,,,0.00048261968025734226,,,,,0.00048261968025734226,0.00048261968025734226,1.64771,0.62984,,,,,,0.52697,480.299193609,,0.29223,,,1.4658,,1.67012,0.56276,1.4476,,13,,,,baseline,1337,baseline_seed1337,13
,,,,1.9139,1779982165.0867298,1.77828,,,,0.00047964426985678535,,,,,0.00047964426985678535,0.00047964426985678535,1.62521,0.60077,,,,,,0.53093,513.398514649,,0.28947,,,1.44498,,1.64841,0.54053,1.42957,,14,,,,baseline,1337,baseline_seed1337,14
,,,,1.85642,1779982198.1360042,1.54915,,,,0.00047644469548533986,,,,,0.00047644469548533986,0.00047644469548533986,1.61578,0.6611,,,,,,0.55853,546.834261146,,0.34099,,,1.42781,,1.58289,0.61645,1.40342,,15,,,,baseline,1337,baseline_seed1337,15
,,,,1.87931,1779982231.6523912,1.48515,,,,0.00047302411473662103,,,,,0.00047302411473662103,0.00047302411473662103,1.60551,0.63584,,,,,,0.59721,580.191435222,,0.34827,,,1.40948,,1.58145,0.62101,1.40354,,16,,,,baseline,1337,baseline_seed1337,16
,,,,1.81347,1779982266.9503152,1.48211,,,,0.00046938590331085624,,,,,0.00046938590331085624,0.00046938590331085624,1.61018,0.64912,,,,,,0.59688,615.790079728,,0.36705,,,1.41649,,1.51342,0.64214,1.38608,,17,,,,baseline,1337,baseline_seed1337,17
,,,,1.82358,1779982300.569467,1.53411,,,,0.0004655336516834761,,,,,0.0004655336516834761,0.0004655336516834761,1.60008,0.64752,,,,,,0.56756,652.038627987,,0.34697,,,1.41348,,1.56663,0.61453,1.37474,,18,,,,baseline,1337,baseline_seed1337,18
,,,,1.81067,1779982336.9830637,1.45669,,,,0.0004614711615617487,,,,,0.0004614711615617487,0.0004614711615617487,1.60154,0.67556,,,,,,0.58262,686.082186634,,0.34747,,,1.39262,,1.53768,0.62671,1.34263,,19,,,,baseline,1337,baseline_seed1337,19
,,,,1.80938,1779982370.9263442,1.37108,,,,0.00045720244213295403,,,,,0.00045720244213295403,0.00045720244213295403,1.5939,0.65385,,,,,,0.61751,719.835798381,,0.37181,,,1.38249,,1.51693,0.65412,1.30488,,20,,,,baseline,1337,baseline_seed1337,20
,,,,1.81389,1779982404.6714354,1.35597,,,,0.0004527317061077995,,,,,0.0004527317061077995,0.0004527317061077995,1.57636,0.69646,,,,,,0.60863,753.056102177,,0.37825,,,1.37342,,1.53583,0.67054,1.28791,,21,,,,baseline,1337,baseline_seed1337,21
,,,,1.80609,1779982437.7043917,1.50588,,,,0.0004480633655629834,,,,,0.0004480633655629834,0.0004480633655629834,1.5757,0.67931,,,,,,0.6039,786.118010622,,0.37537,,,1.36475,,1.50993,0.65279,1.28139,,22,,,,baseline,1337,baseline_seed1337,22
,,,,1.78655,1779982471.8413763,1.50001,,,,0.00044320202758700784,,,,,0.00044320202758700784,0.00044320202758700784,1.56349,0.66915,,,,,,0.58306,820.099476297,,0.35861,,,1.34508,,1.51948,0.63341,1.29196,,23,,,,baseline,1337,baseline_seed1337,23
,,,,1.79779,1779982504.7239308,1.31383,,,,0.0004381524897335388,,,,,0.0004381524897335388,0.0004381524897335388,1.55224,0.72643,,,,,,0.58788,853.062849878,,0.3819,,,1.34484,,1.52029,0.66732,1.24069,,24,,,,baseline,1337,baseline_seed1337,24
,,,,1.81325,1779982537.707772,1.43563,,,,0.0004329197352867994,,,,,0.0004329197352867994,0.0004329197352867994,1.55824,0.66864,,,,,,0.61456,885.927126637,,0.37302,,,1.34785,,1.52638,0.65417,1.25066,,25,,,,baseline,1337,baseline_seed1337,25
,,,,1.76762,1779982570.5955865,1.30041,,,,0.0004275089283436705,,,,,0.0004275089283436705,0.0004275089283436705,1.53736,0.70928,,,,,,0.61747,918.99130012,,0.3949,,,1.32467,,1.48985,0.66925,1.22077,,26,,,,baseline,1337,baseline_seed1337,26
,,,,1.79351,1779982603.7813456,1.26717,,,,0.0004219254087173504,,,,,0.0004219254087173504,0.0004219254087173504,1.53271,0.73628,,,,,,0.62687,952.147259206,,0.39739,,,1.30774,,1.50757,0.6859,1.17592,,27,,,,baseline,1337,baseline_seed1337,27
,,,,1.8079,1779982637.978024,1.33894,,,,0.0004161746866676038,,,,,0.0004161746866676038,0.0004161746866676038,1.53351,0.71322,,,,,,0.60945,986.59688912,,0.38674,,,1.32071,,1.52541,0.67093,1.1771,,28,,,,baseline,1337,baseline_seed1337,28
,,,,1.79601,1779982671.260512,1.34249,,,,0.00041026243746280074,,,,,0.00041026243746280074,0.00041026243746280074,1.51635,0.64702,,,,,,0.6189,1020.442041833,,0.38123,,,1.3044,,1.50122,0.6443,1.16112,,29,,,,baseline,1337,baseline_seed1337,29
,,,,1.77501,1779982705.0247643,1.32614,,,,0.0004041944957791117,,,,,0.0004041944957791117,0.0004041944957791117,1.50137,0.70239,,,,,,0.62389,1053.339094744,,0.38616,,,1.27933,,1.50977,0.66091,1.14092,,30,,,,baseline,1337,baseline_seed1337,30
,,,,1.77956,1779982738.6764,1.26822,,,,0.00039797684994238717,,,,,0.00039797684994238717,0.00039797684994238717,1.5061,0.69705,,,,,,0.6272,1086.932996992,,0.39194,,,1.28222,,1.4879,0.67578,1.12069,,31,,,,baseline,1337,baseline_seed1337,31
,,,,1.79344,1779982771.4837093,1.29731,,,,0.00039161563601840233,,,,,0.00039161563601840233,0.00039161563601840233,1.49781,0.68495,,,,,,0.63572,1119.696494435,,0.38943,,,1.26435,,1.50062,0.67305,1.10491,,32,,,,baseline,1337,baseline_seed1337,32
,,,,1.82798,1779982804.3195336,1.21886,,,,0.00038511713175730166,,,,,0.00038511713175730166,0.00038511713175730166,1.48564,0.73462,,,,,,0.61464,1152.513770046,,0.4044,,,1.2646,,1.50129,0.69045,1.09617,,33,,,,baseline,1337,baseline_seed1337,33
,,,,1.77641,1779982837.0766237,1.30096,,,,0.00037848775039821687,,,,,0.00037848775039821687,0.00037848775039821687,1.48601,0.71416,,,,,,0.59969,1190.008201326,,0.38559,,,1.25657,,1.49437,0.6621,1.08607,,34,,,,baseline,1337,baseline_seed1337,34
,,,,1.77394,1779982876.2848272,1.20458,,,,0.0003717340343401745,,,,,0.0003717340343401745,0.0003717340343401745,1.46816,0.75958,,,,,,0.63264,1224.493277434,,0.41691,,,1.23119,,1.48542,0.70371,1.06159,,35,,,,baseline,1337,baseline_seed1337,35
,,,,1.78727,1779982909.2347612,1.24773,,,,0.0003648626486855379,,,,,0.0003648626486855379,0.0003648626486855379,1.47352,0.69206,,,,,,0.65868,1257.432222973,,0.40343,,,1.23761,,1.50842,0.6951,1.04954,,36,,,,baseline,1337,baseline_seed1337,36
,,,,1.8297,1779982942.0604677,1.25757,,,,0.00035788037466235543,,,,,0.00035788037466235543,0.00035788037466235543,1.46202,0.70275,,,,,,0.61781,1290.381132238,,0.39922,,,1.22075,,1.53436,0.68774,1.03838,,37,,,,baseline,1337,baseline_seed1337,37
,,,,1.81034,1779982974.9966972,1.22668,,,,0.0003507941029321082,,,,,0.0003507941029321082,0.0003507941029321082,1.45687,0.70042,,,,,,0.63901,1323.346935828,,0.40245,,,1.21042,,1.51527,0.68637,1.02081,,38,,,,baseline,1337,baseline_seed1337,38
,,,,1.79376,1779983009.336159,1.18846,,,,0.00034361082678945786,,,,,0.00034361082678945786,0.00034361082678945786,1.44898,0.73077,,,,,,0.64428,1357.585203178,,0.4088,,,1.20273,,1.50924,0.69512,1.00476,,39,,,,baseline,1337,baseline_seed1337,39
,,,,1.8404,1779983042.1295533,1.2023,,,,0.0003363376352607096,,,,,0.0003363376352607096,0.0003363376352607096,1.43538,0.70248,,,,,,0.65999,1390.309282128,,0.40597,,,1.18824,,1.52631,0.70163,0.98232,,40,,,,baseline,1337,baseline_seed1337,40
,,,,1.81673,1779983074.8749948,1.22089,,,,0.00032898170610779956,,,,,0.00032898170610779956,0.00032898170610779956,1.42766,0.69998,,,,,,0.6479,1423.031570049,,0.40767,,,1.18342,,1.51896,0.69885,0.97335,,41,,,,baseline,1337,baseline_seed1337,41
,,,,1.80598,1779983107.570724,1.17347,,,,0.0003215502987447093,,,,,0.0003215502987447093,0.0003215502987447093,1.42623,0.72836,,,,,,0.6487,1455.76785535,,0.41638,,,1.17206,,1.50625,0.70797,0.9618,,42,,,,baseline,1337,baseline_seed1337,42
,,,,1.80228,1779983140.291851,1.18421,,,,0.00031405074707330157,,,,,0.00031405074707330157,0.00031405074707330157,1.42359,0.74382,,,,,,0.63597,1488.485961937,,0.41328,,,1.16113,,1.51222,0.70681,0.95439,,43,,,,baseline,1337,baseline_seed1337,43
,,,,1.79781,1779983175.634326,1.21391,,,,0.00030649045224564434,,,,,0.00030649045224564434,0.00030649045224564434,1.41365,0.713,,,,,,0.64613,1523.833350773,,0.41333,,,1.15293,,1.51387,0.69741,0.91966,,44,,,,baseline,1337,baseline_seed1337,44
,,,,1.79422,1779983208.667404,1.17764,,,,0.00029887687535996686,,,,,0.00029887687535996686,0.00029887687535996686,1.39389,0.73165,,,,,,0.64952,1556.932534889,,0.41724,,,1.13439,,1.49767,0.70128,0.91345,,45,,,,baseline,1337,baseline_seed1337,45
,,,,1.79456,1779983241.5998347,1.19952,,,,0.00029121753009745717,,,,,0.00029121753009745717,0.00029121753009745717,1.41757,0.71166,,,,,,0.65138,1589.817689835,,0.4039,,,1.15047,,1.50249,0.68996,0.91545,,46,,,,baseline,1337,baseline_seed1337,46
,,,,1.83209,1779983274.4963515,1.14357,,,,0.00028351997530716536,,,,,0.00028351997530716536,0.00028351997530716536,1.39163,0.72075,,,,,,0.66186,1622.728486704,,0.41525,,,1.11559,,1.51685,0.71043,0.89117,,47,,,,baseline,1337,baseline_seed1337,47
,,,,1.81673,1779983307.4736397,1.16707,,,,0.00027579180754633227,,,,,0.00027579180754633227,0.00027579180754633227,1.39876,0.71473,,,,,,0.65292,1655.753675021,,0.4169,,,1.11862,,1.51366,0.71043,0.89991,,48,,,,baseline,1337,baseline_seed1337,48
,,,,1.8021,1779983340.580547,1.16995,,,,0.0002680406535835051,,,,,0.0002680406535835051,0.0002680406535835051,1.37987,0.72439,,,,,,0.64407,1690.601616743,,0.41504,,,1.11377,,1.51421,0.70263,0.8705,,49,,,,baseline,1337,baseline_seed1337,49
,,,,1.81865,1779983375.9092743,1.18647,,,,0.0002602741628718368,,,,,0.0002602741628718368,0.0002602741628718368,1.37315,0.70402,,,,,,0.66096,1724.206047067,,0.41721,,,1.09792,,1.5054,0.70177,0.86031,,50,,,,baseline,1337,baseline_seed1337,50
,,,,1.81191,1779983408.8592827,1.15432,,,,0.00025250000000000007,,,,,0.00025250000000000007,0.00025250000000000007,1.37188,0.68534,,,,,,0.67349,1757.176059122,,0.41103,,,1.08425,,1.50828,0.70492,0.86079,,51,,,,baseline,1337,baseline_seed1337,51
,,,,1.82942,1779983441.921647,1.16685,,,,0.0002447258371281633,,,,,0.0002447258371281633,0.0002447258371281633,1.35423,0.72871,,,,,,0.66143,1790.20640215,,0.41822,,,1.08725,,1.51492,0.70643,0.86339,,52,,,,baseline,1337,baseline_seed1337,52
,,,,1.84193,1779983474.8224473,1.14356,,,,0.0002369593464164949,,,,,0.0002369593464164949,0.0002369593464164949,1.34555,0.72601,,,,,,0.66034,1823.048401933,,0.42189,,,1.05628,,1.52329,0.71452,0.81106,,53,,,,baseline,1337,baseline_seed1337,53
,,,,1.82504,1779983507.6382365,1.12289,,,,0.0002292081924536677,,,,,0.0002292081924536677,0.0002292081924536677,1.34194,0.7225,,,,,,0.66382,1857.779791868,,0.41972,,,1.05223,,1.51436,0.70808,0.80305,,54,,,,baseline,1337,baseline_seed1337,54
,,,,1.8227,1779983544.2086215,1.15154,,,,0.0002214800246928347,,,,,0.0002214800246928347,0.0002214800246928347,1.33454,0.75168,,,,,,0.63617,1892.398970404,,0.42828,,,1.04873,,1.49794,0.71735,0.79722,,55,,,,baseline,1337,baseline_seed1337,55
,,,,1.85626,1779983577.3064718,1.16205,,,,0.0002137824699025429,,,,,0.0002137824699025429,0.0002137824699025429,1.32482,0.71997,,,,,,0.66634,1925.533998001,,0.41993,,,1.02404,,1.53172,0.70812,0.78855,,56,,,,baseline,1337,baseline_seed1337,56
,,,,1.84726,1779983610.3322387,1.14821,,,,0.0002061231246400332,,,,,0.0002061231246400332,0.0002061231246400332,1.32864,0.71662,,,,,,0.65541,1958.488774998,,0.41917,,,1.02761,,1.51876,0.70628,0.7764,,57,,,,baseline,1337,baseline_seed1337,57
,,,,1.86924,1779983643.2852075,1.20211,,,,0.00019850954775435582,,,,,0.00019850954775435582,0.00019850954775435582,1.30645,0.71105,,,,,,0.67153,1991.416589083,,0.42144,,,1.01792,,1.55042,0.69977,0.76711,,58,,,,baseline,1337,baseline_seed1337,58
,,,,1.88645,1779983676.309171,1.16757,,,,0.00019094925292669846,,,,,0.00019094925292669846,0.00019094925292669846,1.30827,0.71165,,,,,,0.65306,2024.409964191,,0.41806,,,1.00783,,1.54162,0.69227,0.74939,,59,,,,baseline,1337,baseline_seed1337,59
,,,,1.87466,1779983709.2633617,1.14198,,,,0.0001834497012552908,,,,,0.0001834497012552908,0.0001834497012552908,1.3,0.75431,,,,,,0.65615,2057.425687802,,0.42732,,,0.99798,,1.53196,0.71538,0.73278,,60,,,,baseline,1337,baseline_seed1337,60
,,,,1.89558,1779983742.2709422,1.14894,,,,0.00017601829389220065,,,,,0.00017601829389220065,0.00017601829389220065,1.32806,0.71452,,,,,,0.67653,2090.401309174,,0.41874,,,1.00521,,1.53871,0.7046,0.75193,,61,,,,baseline,1337,baseline_seed1337,61
,,,,1.91324,1779983775.2289877,1.15967,,,,0.00016866236473929043,,,,,0.00016866236473929043,0.00016866236473929043,1.29636,0.70544,,,,,,0.66611,2123.371849576,,0.41709,,,0.97753,,1.53289,0.6977,0.73029,,62,,,,baseline,1337,baseline_seed1337,62
,,,,1.90857,1779983808.1674278,1.1283,,,,0.00016138917321054225,,,,,0.00016138917321054225,0.00016138917321054225,1.2894,0.74224,,,,,,0.66048,2156.323562536,,0.42384,,,0.97246,,1.54797,0.71198,0.71721,,63,,,,baseline,1337,baseline_seed1337,63
,,,,1.94452,1779983841.1805813,1.16186,,,,0.0001542058970678918,,,,,0.0001542058970678918,0.0001542058970678918,1.27794,0.72454,,,,,,0.66434,2189.352814665,,0.41278,,,0.95874,,1.56498,0.70484,0.7079,,64,,,,baseline,1337,baseline_seed1337,64
,,,,1.89925,1779983874.2180634,1.14568,,,,0.0001471196253376445,,,,,0.0001471196253376445,0.0001471196253376445,1.27473,0.74898,,,,,,0.66426,2222.371138178,,0.41976,,,0.94997,,1.54405,0.70905,0.69916,,65,,,,baseline,1337,baseline_seed1337,65
,,,,1.92163,1779983907.1638455,1.14818,,,,0.0001401373513144622,,,,,0.0001401373513144622,0.0001401373513144622,1.27336,0.72995,,,,,,0.6712,2255.337107578,,0.42284,,,0.94527,,1.55591,0.7111,0.68816,,66,,,,baseline,1337,baseline_seed1337,66
,,,,1.93204,1779983940.073639,1.17764,,,,0.00013326596565982546,,,,,0.00013326596565982546,0.00013326596565982546,1.26261,0.72787,,,,,,0.64115,2288.206750071,,0.41025,,,0.93308,,1.56668,0.69591,0.67348,,67,,,,baseline,1337,baseline_seed1337,67
,,,,1.92551,1779983973.0044804,1.16192,,,,0.0001265122496017831,,,,,0.0001265122496017831,0.0001265122496017831,1.2628,0.71233,,,,,,0.67668,2321.188502215,,0.42347,,,0.93642,,1.55609,0.70619,0.67653,,68,,,,baseline,1337,baseline_seed1337,68
,,,,1.94317,1779984006.1004827,1.18977,,,,0.00011988286824269823,,,,,0.00011988286824269823,0.00011988286824269823,1.25547,0.70493,,,,,,0.67554,2354.23061784,,0.42028,,,0.90629,,1.56796,0.70128,0.67043,,69,,,,baseline,1337,baseline_seed1337,69
,,,,1.94632,1779984039.1804605,1.17906,,,,0.00011338436398159763,,,,,0.00011338436398159763,0.00011338436398159763,1.24241,0.71988,,,,,,0.66674,2387.336048888,,0.42332,,,0.90381,,1.56326,0.70617,0.65636,,70,,,,baseline,1337,baseline_seed1337,70
,,,,1.97258,1779984072.2350748,1.16487,,,,0.00010702315005761298,,,,,0.00010702315005761298,0.00010702315005761298,1.24183,0.73386,,,,,,0.66408,2420.353752104,,0.4153,,,0.89647,,1.57626,0.70505,0.66381,,71,,,,baseline,1337,baseline_seed1337,71
,,,,1.95155,1779984105.3890288,1.14388,,,,0.0001008055042208883,,,,,0.0001008055042208883,0.0001008055042208883,1.23675,0.71025,,,,,,0.6865,2453.549957963,,0.42137,,,0.89486,,1.56155,0.7062,0.64236,,72,,,,baseline,1337,baseline_seed1337,72
,,,,1.99717,1779984138.5356417,1.17263,,,,9.473756253719929e-05,,,,,9.473756253719929e-05,9.473756253719929e-05,1.22141,0.71655,,,,,,0.67103,2486.694976522,,0.41461,,,0.88031,,1.58389,0.70142,0.63674,,73,,,,baseline,1337,baseline_seed1337,73
,,,,1.98979,1779984171.5563006,1.15762,,,,8.882531333239618e-05,,,,,8.882531333239618e-05,8.882531333239618e-05,1.23995,0.72065,,,,,,0.68281,2519.672142806,,0.42028,,,0.89873,,1.57653,0.70603,0.64181,,74,,,,baseline,1337,baseline_seed1337,74
,,,,1.97967,1779984204.7206714,1.15541,,,,8.307459128264955e-05,,,,,8.307459128264955e-05,8.307459128264955e-05,1.22459,0.72109,,,,,,0.68125,2552.841953844,,0.42135,,,0.88156,,1.57635,0.70595,0.61413,,75,,,,baseline,1337,baseline_seed1337,75
,,,,1.9737,1779984237.851785,1.17386,,,,7.749107165632952e-05,,,,,7.749107165632952e-05,7.749107165632952e-05,1.21636,0.72985,,,,,,0.67587,2585.952743839,,0.42418,,,0.86281,,1.56757,0.70791,0.60946,,76,,,,baseline,1337,baseline_seed1337,76
,,,,2.00538,1779984271.0264935,1.16165,,,,7.208026471320073e-05,,,,,7.208026471320073e-05,7.208026471320073e-05,1.21491,0.72408,,,,,,0.66913,2619.127405391,,0.4214,,,0.8558,,1.59284,0.70755,0.59694,,77,,,,baseline,1337,baseline_seed1337,77
,,,,2.00517,1779984304.150377,1.16881,,,,6.684751026646124e-05,,,,,6.684751026646124e-05,6.684751026646124e-05,1.20551,0.72678,,,,,,0.66771,2652.300434065,,0.41612,,,0.84898,,1.58928,0.70275,0.59125,,78,,,,baseline,1337,baseline_seed1337,78
,,,,2.00875,1779984337.239006,1.17657,,,,6.179797241299223e-05,,,,,6.179797241299223e-05,6.179797241299223e-05,1.20409,0.69563,,,,,,0.69975,2685.355640238,,0.41678,,,0.84442,,1.57949,0.70557,0.60048,,79,,,,baseline,1337,baseline_seed1337,79
"{'ncols': 3, 'artifact_path': 'wandb-client-artifact://zidrbo5uam8l4w5w08cbwwfkdxztp8cqa6ogcxqf5wq0i7sc48bp8dnoxkkhf666ttafzf1fe2q4plb4f84iv64cki1y759smhjyxr2uq0opd2fkc7zec79ydhs3hy1p/curves/Recall-Confidence(B)_table.table.json', 'nrows': 400, '_type': 'table-file', 'log_mode': 'IMMUTABLE', '_latest_artifact_path': 'wandb-client-artifact://0ig9l1eh75wdr8llyfk38pid673f0rjyzxiszpkfxzfk5cypiu9vhfd8k805w4r2c7apbpqyrxpo22u91bgmn10h47abz19iv9018h6if1p95mfgafd5gt5ktz7l8q6q:latest/curves/Recall-Confidence(B)_table.table.json', 'path': 'media/table/curves/Recall-Confidence(B)_table_80_57b3bff7e47abf6ed6e9.table.json', 'sha256': '57b3bff7e47abf6ed6e9e8a8263d80692176302766d0fe4e4daae4c31ff2c38a', 'size': 7921}","{'log_mode': 'IMMUTABLE', 'artifact_path': 'wandb-client-artifact://tc2x9xn97bfiw648jq5o0w1ub0pvc2jlq6lyxw07agiqzesyzbqqaw6b8as859m55ku6mpgpmgycf7zb04dd8i912uogmyk4176cd3pbcq13s3inqwbs4rlrxtnfvlf1/curves/Precision-Recall(B)_table.table.json', 'path': 'media/table/curves/Precision-Recall(B)_table_80_2029c308faac7e284b01.table.json', 'size': 7867, '_type': 'table-file', 'nrows': 400, 'sha256': '2029c308faac7e284b0108b1994b616910e0a22382d3ce20cce6c87a6c85e89c', '_latest_artifact_path': 'wandb-client-artifact://bz8m29xp13bcdhqdqq06z1oty3s9wkmwywbjl4wpj1dm0idlbpctqjvri6dg7hd66vbq5kusemu7fwdm6x1c0ib21d1oye3uyjcfp2gm5jbiuxy5rjeu06dcx80v6qge:latest/curves/Precision-Recall(B)_table.table.json', 'ncols': 3}",,,2.03121,1779984382.1161098,1.17236,"{'path': 'media/images/F1_curve_80_53f2f0e7e6aeab3e1f26.png', 'sha256': '53f2f0e7e6aeab3e1f26825d142cefdd85b64e91a306a68a5aec219276999997', 'size': 180568, 'height': 1500, 'width': 2250, '_type': 'image-file', 'format': 'png'}",,"{'nrows': 400, 'path': 'media/table/curves/Precision-Confidence(B)_table_80_bb1f57a5b3e922e71889.table.json', '_type': 'table-file', 'sha256': 'bb1f57a5b3e922e718898814da6d9093d0674fb0b8bdafe836111da16d5b8f0b', 'size': 7892, 'artifact_path': 'wandb-client-artifact://p1gxwbdabuvmt2wwcwra6tpqwo8qavy9i9nilfme85kauoh4656l7jj5j0p1snf17n7jfky59zl9vyxzsoi4f5cz3ji06q5m3poxij16lieztoqdd2xxuusas7irffg6/curves/Precision-Confidence(B)_table.table.json', '_latest_artifact_path': 'wandb-client-artifact://o7133g7e1548gd0n1t6haestowt0xnwrgxgdrmcflq8a700wcb3c0f0zht6lfu5t4fhrhjet9qxb1x7zscsljglpsjvfj0fq2mqz8ww2dz46s4f3jtc01zysatwdj2yp:latest/curves/Precision-Confidence(B)_table.table.json', 'ncols': 3, 'log_mode': 'IMMUTABLE'}",5.693663443701663e-05,"{'_type': 'image-file', 'format': 'png', 'path': 'media/images/R_curve_80_88c6e66931ed60a67b94.png', 'sha256': '88c6e66931ed60a67b940b1794b99491ace54c51fec1308224c9077ad9d01310', 'size': 170702, 'height': 1500, 'width': 2250}","{'nrows': 400, 'path': 'media/table/curves/F1-Confidence(B)_table_80_16ad3282ecda3f85f9ae.table.json', 'artifact_path': 'wandb-client-artifact://bnnnm5vef1gm15crz0bteysblcmlx0santrt65zn3jq1kyfq2o345234gvqtuaq0bgmktxk91ck5cuzhfhbh74qnoc8ns16j1oysna8csexyjhvps575vgzhhf01zgxp/curves/F1-Confidence(B)_table.table.json', '_latest_artifact_path': 'wandb-client-artifact://xjj08wc9e9zdkmeefmt5hm9b72iiy7i3r9q77mz2hzymfk5u18mmeoxjnuvxqvtn7sy6px758c6z8q231sfa59tdmaugfs0ys0tmmrnpkjn8a65lq9cqnc7wlzw7q302:latest/curves/F1-Confidence(B)_table.table.json', 'size': 7912, '_type': 'table-file', 'ncols': 3, 'log_mode': 'IMMUTABLE', 'sha256': '16ad3282ecda3f85f9aeb660bc674531a0983de8641b3b8ca53b740f506dbf7e'}",,,5.693663443701663e-05,5.693663443701663e-05,1.19044,0.751923261706619,,"{'height': 1920, 'width': 1920, '_type': 'image-file', 'format': 'jpg', 'path': 'media/images/val_batch1_labels_80_a2a2ab952c9f8ac03332.jpg', 'sha256': 'a2a2ab952c9f8ac03332345e661df279322cbe5c7faa2e822a78e6875f6b181f', 'size': 881614}","{'_type': 'image-file', 'format': 'png', 'path': 'media/images/confusion_matrix_80_395cda88e3b292fe3663.png', 'sha256': '395cda88e3b292fe36638476f8f43e9c481dfd2270c8e7dcf82e12d3a28b08f6', 'size': 104141, 'height': 2250, 'width': 3000}",,"{'height': 2250, 'width': 3000, '_type': 'image-file', 'format': 'png', 'path': 'media/images/confusion_matrix_normalized_80_428a0ceb3a9b9959f226.png', 'sha256': '428a0ceb3a9b9959f226cf18d1477065f6b1a569816896cf797434119063c52c', 'size': 111781}",0.6355434274143424,2702.067835546,"{'width': 1920, '_type': 'image-file', 'format': 'jpg', 'path': 'media/images/val_batch0_pred_80_ae77b144f374c2574805.jpg', 'sha256': 'ae77b144f374c257480563565591a0aa998ac1bca2520b501664777df61ab604', 'size': 854479, 'height': 1920}",0.42843742117410133,"{'path': 'media/images/val_batch1_pred_80_c12254ecd2175c56b628.jpg', 'sha256': 'c12254ecd2175c56b6286d133a70085ae4865b66a0622ddb98b63300c66ee57f', 'size': 893952, 'height': 1920, 'width': 1920, '_type': 'image-file', 'format': 'jpg'}","{'format': 'png', 'path': 'media/images/P_curve_80_a00bbaa4656f797a28e0.png', 'sha256': 'a00bbaa4656f797a28e073660e3f5d8d8f1509c3e7cf0079acba0a645c67bcd0', 'size': 164792, 'height': 1500, 'width': 2250, '_type': 'image-file'}",0.82075,"{'path': 'media/images/results_80_44505df61e4cf6d6cbdc.png', 'sha256': '44505df61e4cf6d6cbdcf2b57a5c5d9d27d240617fdbe7165328e4c0cf1b2439', 'size': 270689, 'height': 1200, 'width': 2400, '_type': 'image-file', 'format': 'png'}",1.57959,0.7173828883140224,0.57913,"{'sha256': '191276c6f2c0357df44e7eb8ef7d165ea3046b08d018116d8f819c80923a7bf7', 'size': 848160, 'height': 1920, 'width': 1920, '_type': 'image-file', 'format': 'jpg', 'path': 'media/images/val_batch0_labels_80_191276c6f2c0357df44e.jpg'}",80,"{'path': 'media/images/PR_curve_80_5f5692ef1e8742fff2ae.png', 'sha256': '5f5692ef1e8742fff2aeb4487a1526f15d3fb22d01cd6c881650006c0298d46b', 'size': 169921, 'height': 1500, 'width': 2250, '_type': 'image-file', 'format': 'png'}","{'path': 'media/images/val_batch2_labels_80_ec183fed6f1bd8bce281.jpg', 'sha256': 'ec183fed6f1bd8bce2811c709d1755b5f4673184f1ee545c7fe04d707f5cf85d', 'size': 941077, 'height': 1920, 'width': 1920, '_type': 'image-file', 'format': 'jpg'}","{'width': 1920, '_type': 'image-file', 'format': 'jpg', 'path': 'media/images/val_batch2_pred_80_c84b348c2e249fc5caaf.jpg', 'sha256': 'c84b348c2e249fc5caaf5916d668ebc2b88e8089d604a034ff9440a823295858', 'size': 960734, 'height': 1920}",baseline,1337,baseline_seed1337,80
