model/speed_PyTorch(ms),metrics/recall(B),curves/Precision-Recall(B)_table,results,train_batch6572,_runtime,train_batch2,val_batch2_labels,train_batch6570,curves/Recall-Confidence(B)_table,train_batch0,PR_curve,P_curve,val/cls_loss,metrics/mAP50(B),metrics/precision(B),train/dfl_loss,confusion_matrix_normalized,model/GFLOPs,metrics/mAP50-95(B),labels,train_batch1,R_curve,val_batch1_labels,confusion_matrix,F1_curve,_timestamp,train/cls_loss,_step,val_batch1_pred,val_batch0_pred,val/dfl_loss,model/parameters,train/box_loss,lr/pg1,val_batch2_pred,curves/Precision-Confidence(B)_table,val_batch0_labels,lr/pg2,train_batch6571,lr/pg0,val/box_loss,curves/F1-Confidence(B)_table,variant,seed,run_name,epoch
5.102,0.28539,,,,117.381507361,"{'_type': 'image-file', 'format': 'jpg', 'path': 'media/images/train_batch2_1_d3523ead8cb982d65fd8.jpg', 'sha256': 'd3523ead8cb982d65fd8bb55694a6c6e3797e8baa183ce0aa72e66920d80ca88', 'size': 700341, 'height': 1920, 'width': 1920}",,,,"{'height': 1920, 'width': 1920, '_type': 'image-file', 'format': 'jpg', 'path': 'media/images/train_batch0_1_7cb9fffed33abd96c07a.jpg', 'sha256': '7cb9fffed33abd96c07afdfd9dd9ec8636b0249a3264198b52db06f51df5e354', 'size': 805096}",,,4.70741,0.00704,0.00251,14.13988,,205.831,0.0018,"{'format': 'jpg', 'path': 'media/images/labels_1_05386a04f4815dd2ac4b.jpg', 'sha256': '05386a04f4815dd2ac4b2af8d144ee94ed4b7e0bf2a6db1744f5a74654eb4a82', 'size': 284986, 'height': 1600, 'width': 1600, '_type': 'image-file'}","{'_type': 'image-file', 'format': 'jpg', 'path': 'media/images/train_batch1_1_7abd9c3874d6005c0f75.jpg', 'sha256': '7abd9c3874d6005c0f7577d8a0fa5c63f1bbfaa708a496a31e34fb56990afcd0', 'size': 693430, 'height': 1920, 'width': 1920}",,,,,1780018641.7919478,4.03708,1,,,13.40526,42965672.0,11.8078,0.00016438356164383562,,,,0.00016438356164383562,,0.06728767123287671,12.08784,,combined,42,combined_seed42,1
,0.1247,,,,168.856296879,,,,,,,,9.31247,0.09414,0.46618,11.53841,,,0.03504,,,,,,,1780018693.8103867,2.93461,2,,,11.98772,,9.13181,0.0003309693684252292,,,,0.0003309693684252292,,0.034120923706324774,8.98091,,combined,42,combined_seed42,2
,0.29462,,,,223.61864531,,,,,,,,8.50517,0.18452,0.247,10.42035,,,0.07547,,,,,,,1780018748.7725222,2.72763,3,,,11.09579,,8.07178,0.0004972307403303534,,,,0.0004972307403303534,,0.0009538517448965528,7.65604,,combined,42,combined_seed42,3
,0.30353,,,,275.112055023,,,,,,,,4.83592,0.21713,0.31244,9.8509,,,0.09499,,,,,,,1780018800.0604415,2.56337,4,,,10.65053,,7.65637,0.0004989015862392623,,,,0.0004989015862392623,,0.0004989015862392623,7.72493,,combined,42,combined_seed42,4
,0.42692,,,,327.410172083,,,,,,,,3.68219,0.30218,0.27086,9.4582,,,0.14646,,,,,,,1780018852.5796647,2.43923,5,,,9.94724,,7.30432,0.0004980483885753333,,,,0.0004980483885753333,,0.0004980483885753333,7.10881,,combined,42,combined_seed42,5
,0.3662,,,,379.052135972,,,,,,,,4.02497,0.31054,0.38554,9.31669,,,0.15442,,,,,,,1780018904.0658197,2.36836,6,,,9.8919,,7.19045,0.0004969528642972965,,,,0.0004969528642972965,,0.0004969528642972965,7.0449,,combined,42,combined_seed42,6
,0.33797,,,,429.701946789,,,,,,,,2.42176,0.34119,0.43608,9.03503,,,0.17018,,,,,,,1780018955.0116575,2.24599,7,,,10.30633,,6.92579,0.0004956160945553505,,,,0.0004956160945553505,,0.0004956160945553505,7.59255,,combined,42,combined_seed42,7
,0.40914,,,,485.197273374,,,,,,,,2.25831,0.42389,0.51387,8.87472,,,0.19803,,,,,,,1780019005.4337783,2.17095,8,,,10.04898,,6.79616,0.00049403939857984,,,,0.00049403939857984,,0.00049403939857984,7.21192,,combined,42,combined_seed42,8
,0.42858,,,,536.810726287,,,,,,,,3.07383,0.37723,0.44233,8.80622,,,0.20061,,,,,,,1780019061.7068899,2.14495,9,,,9.19913,,6.71128,0.0004922243323793363,,,,0.0004922243323793363,,0.0004922243323793363,6.58781,,combined,42,combined_seed42,9
,0.45009,,,,588.673040735,,,,,,,,2.17529,0.44599,0.52575,8.65524,,,0.23199,,,,,,,1780019113.6089108,2.06302,10,,,9.39097,,6.55284,0.0004901726872050434,,,,0.0004901726872050434,,0.0004901726872050434,6.75467,,combined,42,combined_seed42,10
,0.48619,,,,640.415913203,,,,,,,,2.35829,0.48752,0.53717,8.61153,,,0.25099,,,,,,,1780019165.079561,2.04868,11,,,9.21661,,6.59429,0.0004878864877830505,,,,0.0004878864877830505,,0.0004878864877830505,6.61559,,combined,42,combined_seed42,11
,0.49775,,,,693.220105114,,,,,,,,1.93392,0.50083,0.5676,8.54152,,,0.26013,,,,,,,1780019216.3251224,2.01714,12,,,9.13345,,6.4579,0.0004853679903161708,,,,0.0004853679903161708,,0.0004853679903161708,6.62273,,combined,42,combined_seed42,12
,0.48438,,,,746.957200467,,,,,,,,3.33999,0.46267,0.52945,8.5049,,,0.23745,,,,,,,1780019269.5624552,1.94965,13,,,9.01466,,6.39456,0.00048261968025734226,,,,0.00048261968025734226,,0.00048261968025734226,6.48457,,combined,42,combined_seed42,13
,0.52644,,,,797.637173755,,,,,,,,1.94741,0.55128,0.58629,8.34557,,,0.29815,,,,,,,1780019322.8967674,1.89225,14,,,8.88288,,6.28747,0.00047964426985678535,,,,0.00047964426985678535,,0.00047964426985678535,6.32309,,combined,42,combined_seed42,14
,0.53105,,,,848.466694415,,,,,,,,1.72385,0.55819,0.617,8.23095,,,0.30468,,,,,,,1780019373.3231447,1.85455,15,,,8.85275,,6.18843,0.00047644469548533986,,,,0.00047644469548533986,,0.00047644469548533986,6.34675,,combined,42,combined_seed42,15
,0.52028,,,,900.508229409,,,,,,,,1.82395,0.56121,0.60917,8.21929,,,0.29959,,,,,,,1780019425.731725,1.85276,16,,,8.95229,,6.15772,0.00047302411473662103,,,,0.00047302411473662103,,0.00047302411473662103,6.3795,,combined,42,combined_seed42,16
,0.52817,,,,951.660943568,,,,,,,,1.97342,0.55095,0.61638,8.13027,,,0.29936,,,,,,,1780019476.7876923,1.80666,17,,,8.83526,,6.0783,0.00046938590331085624,,,,0.00046938590331085624,,0.00046938590331085624,6.32862,,combined,42,combined_seed42,17
,0.55251,,,,1002.396584839,,,,,,,,1.77783,0.57604,0.60475,8.10145,,,0.31512,,,,,,,1780019527.6065078,1.80226,18,,,8.6829,,6.12596,0.0004655336516834761,,,,0.0004655336516834761,,0.0004655336516834761,6.29064,,combined,42,combined_seed42,18
,0.54666,,,,1052.730052408,,,,,,,,1.76837,0.5661,0.60833,8.06872,,,0.31078,,,,,,,1780019578.0565994,1.75235,19,,,8.79869,,6.03732,0.0004614711615617487,,,,0.0004614711615617487,,0.0004614711615617487,6.28605,,combined,42,combined_seed42,19
,0.54222,,,,1107.667778521,,,,,,,,1.77604,0.57627,0.6177,8.03189,,,0.31677,,,,,,,1780019628.9920192,1.74323,20,,,8.6525,,5.96496,0.00045720244213295403,,,,0.00045720244213295403,,0.00045720244213295403,6.2057,,combined,42,combined_seed42,20
,0.52447,,,,1157.891405791,,,,,,,,1.77281,0.55561,0.61049,7.94358,,,0.30174,,,,,,,1780019683.2429774,1.70682,21,,,8.89942,,5.91667,0.0004527317061077995,,,,0.0004527317061077995,,0.0004527317061077995,6.40727,,combined,42,combined_seed42,21
,0.57491,,,,1209.821455914,,,,,,,,1.71905,0.59711,0.62344,7.99545,,,0.32924,,,,,,,1780019735.0963686,1.69926,22,,,8.64407,,5.90733,0.0004480633655629834,,,,0.0004480633655629834,,0.0004480633655629834,6.21736,,combined,42,combined_seed42,22
,0.53189,,,,1260.191744359,,,,,,,,1.73543,0.56857,0.6327,7.84263,,,0.31552,,,,,,,1780019785.458614,1.67145,23,,,8.69199,,5.76343,0.00044320202758700784,,,,0.00044320202758700784,,0.00044320202758700784,6.25043,,combined,42,combined_seed42,23
,0.55315,,,,1313.336799677,,,,,,,,1.60469,0.60669,0.65871,7.80499,,,0.3356,,,,,,,1780019838.5167227,1.63456,24,,,8.55747,,5.75322,0.0004381524897335388,,,,0.0004381524897335388,,0.0004381524897335388,6.18006,,combined,42,combined_seed42,24
,0.58251,,,,1363.897973591,,,,,,,,1.68243,0.60732,0.63602,7.76768,,,0.35361,,,,,,,1780019889.092036,1.63634,25,,,8.4048,,5.74761,0.0004329197352867994,,,,0.0004329197352867994,,0.0004329197352867994,6.06426,,combined,42,combined_seed42,25
,0.57974,,,,1414.440402122,,,,,,,,1.54705,0.63118,0.67358,7.78819,,,0.3552,,,,,,,1780019939.7094543,1.62135,26,,,8.64032,,5.72295,0.0004275089283436705,,,,0.0004275089283436705,,0.0004275089283436705,6.12122,,combined,42,combined_seed42,26
,0.56175,,,,1464.929070721,,,,,,,,1.53939,0.6319,0.69297,7.69709,,,0.36316,,,,,,,1780019990.2142513,1.55807,27,,,8.58178,,5.59968,0.0004219254087173504,,,,0.0004219254087173504,,0.0004219254087173504,6.0723,,combined,42,combined_seed42,27
,0.55816,,,,1517.864285352,,,,,,,,1.6315,0.59639,0.64676,7.67398,,,0.33737,,,,,,,1780020040.6828437,1.55097,28,,,8.5235,,5.63503,0.0004161746866676038,,,,0.0004161746866676038,,0.0004161746866676038,6.16189,,combined,42,combined_seed42,28
,0.57089,,,,1572.351047174,,,,,,,,1.64529,0.59388,0.62945,7.60941,,,0.33653,,,,,,,1780020094.1484919,1.53282,29,,,8.56227,,5.57393,0.00041026243746280074,,,,0.00041026243746280074,,0.00041026243746280074,6.06905,,combined,42,combined_seed42,29
,0.60224,,,,1623.837624597,,,,,,,,1.79584,0.6063,0.60994,7.63792,,,0.34667,,,,,,,1780020148.2267473,1.54014,30,,,8.48019,,5.54638,0.0004041944957791117,,,,0.0004041944957791117,,0.0004041944957791117,6.0041,,combined,42,combined_seed42,30
,0.60578,,,,1676.062387143,,,,,,,,1.48872,0.63909,0.64486,7.53586,,,0.36282,,,,,,,1780020200.6543467,1.49992,31,,,8.53658,,5.51204,0.00039797684994238717,,,,0.00039797684994238717,,0.00039797684994238717,6.09031,,combined,42,combined_seed42,31
,0.59726,,,,1726.800422879,,,,,,,,1.45236,0.65908,0.70061,7.53699,,,0.37649,,,,,,,1780020251.8085287,1.49632,32,,,8.52408,,5.42581,0.00039161563601840233,,,,0.00039161563601840233,,0.00039161563601840233,6.00799,,combined,42,combined_seed42,32
,0.62522,,,,1777.940815613,,,,,,,,1.59141,0.63285,0.61239,7.53281,,,0.35719,,,,,,,1780020302.4594352,1.47707,33,,,8.51191,,5.43006,0.00038511713175730166,,,,0.00038511713175730166,,0.00038511713175730166,5.96242,,combined,42,combined_seed42,33
,0.5995,,,,1829.171634791,,,,,,,,1.47389,0.64293,0.65608,7.48432,,,0.36756,,,,,,,1780020353.5844083,1.45183,34,,,8.66844,,5.36635,0.00037848775039821687,,,,0.00037848775039821687,,0.00037848775039821687,6.14785,,combined,42,combined_seed42,34
,0.61162,,,,1880.028831021,,,,,,,,1.46634,0.66038,0.67859,7.42988,,,0.38285,,,,,,,1780020404.865235,1.44705,35,,,8.36782,,5.32897,0.0003717340343401745,,,,0.0003717340343401745,,0.0003717340343401745,5.89103,,combined,42,combined_seed42,35
,0.61579,,,,1934.643015413,,,,,,,,1.46632,0.66474,0.66748,7.42302,,,0.38932,,,,,,,1780020457.7317955,1.43797,36,,,8.32298,,5.3354,0.0003648626486855379,,,,0.0003648626486855379,,0.0003648626486855379,5.86066,,combined,42,combined_seed42,36
,0.62835,,,,1985.279166562,,,,,,,,1.35308,0.68881,0.72018,7.32348,,,0.39415,,,,,,,1780020510.2973065,1.40534,37,,,8.3862,,5.21123,0.00035788037466235543,,,,0.00035788037466235543,,0.00035788037466235543,5.95159,,combined,42,combined_seed42,37
,0.62563,,,,2036.16975638,,,,,,,,1.39019,0.66875,0.6728,7.33082,,,0.39006,,,,,,,1780020561.3077748,1.4007,38,,,8.47805,,5.20172,0.0003507941029321082,,,,0.0003507941029321082,,0.0003507941029321082,5.93918,,combined,42,combined_seed42,38
,0.61246,,,,2086.748514893,,,,,,,,1.38932,0.66318,0.68641,7.27777,,,0.38703,,,,,,,1780020611.7446022,1.38825,39,,,8.34983,,5.19544,0.00034361082678945786,,,,0.00034361082678945786,,0.00034361082678945786,5.88586,,combined,42,combined_seed42,39
,0.60558,,,,2139.355112773,,,,,,,,1.39835,0.65799,0.69006,7.20586,,,0.38176,,,,,,,1780020664.2993395,1.36417,40,,,8.58225,,5.11938,0.0003363376352607096,,,,0.0003363376352607096,,0.0003363376352607096,6.07661,,combined,42,combined_seed42,40
,0.60805,,,,2189.84025481,,,,,,,,1.35934,0.66707,0.68445,7.17025,,,0.38737,,,,,,,1780020714.932891,1.35911,41,,,8.52722,,5.04445,0.00032898170610779956,,,,0.00032898170610779956,,0.00032898170610779956,6.02918,,combined,42,combined_seed42,41
,0.62568,,,,2240.313767998,,,,,,,,1.34443,0.68603,0.70485,7.20042,,,0.40537,,,,,,,1780020765.4858122,1.33581,42,,,8.45989,,5.04349,0.0003215502987447093,,,,0.0003215502987447093,,0.0003215502987447093,5.91478,,combined,42,combined_seed42,42
,0.60656,,,,2291.50990545,,,,,,,,1.35419,0.67591,0.72008,7.06696,,,0.39587,,,,,,,1780020816.1319997,1.3073,43,,,8.4547,,4.94823,0.00031405074707330157,,,,0.00031405074707330157,,0.00031405074707330157,5.98535,,combined,42,combined_seed42,43
,0.62471,,,,2344.681477433,,,,,,,,1.36994,0.66815,0.6903,7.143,,,0.38706,,,,,,,1780020867.0909977,1.30668,44,,,8.46877,,4.99898,0.00030649045224564434,,,,0.00030649045224564434,,0.00030649045224564434,5.89886,,combined,42,combined_seed42,44
,0.61739,,,,2397.579820966,,,,,,,,1.3756,0.67415,0.70296,7.03058,,,0.39307,,,,,,,1780020922.6589515,1.2848,45,,,8.47176,,4.90806,0.00029887687535996686,,,,0.00029887687535996686,,0.00029887687535996686,5.92924,,combined,42,combined_seed42,45
,0.6206,,,,2448.217548976,,,,,,,,1.36559,0.67642,0.67743,7.06686,,,0.38626,,,,,,,1780020973.2193885,1.27629,46,,,8.63436,,4.90699,0.00029121753009745717,,,,0.00029121753009745717,,0.00029121753009745717,6.06818,,combined,42,combined_seed42,46
,0.61553,,,,2499.021330756,,,,,,,,1.38439,0.66969,0.70105,6.99289,,,0.38474,,,,,,,1780021023.8370602,1.25588,47,,,8.60548,,4.8337,0.00028351997530716536,,,,0.00028351997530716536,,0.00028351997530716536,6.02289,,combined,42,combined_seed42,47
,0.60783,,,,2551.132364963,,,,,,,,1.43019,0.66379,0.68239,6.96313,,,0.38431,,,,,,,1780021074.6000342,1.24944,48,,,8.68318,,4.80851,0.00027579180754633227,,,,0.00027579180754633227,,0.00027579180754633227,6.05089,,combined,42,combined_seed42,48
,0.61845,,,,2602.049847043,,,,,,,,1.36858,0.66385,0.68746,6.87178,,,0.38553,,,,,,,1780021127.0065315,1.22046,49,,,8.5685,,4.7178,0.0002680406535835051,,,,0.0002680406535835051,,0.0002680406535835051,6.0064,,combined,42,combined_seed42,49
,0.61977,,,,2652.444006412,,,,,,,,1.29326,0.68558,0.71752,6.84447,,,0.40649,,,,,,,1780021177.6748695,1.2289,50,,,8.41621,,4.72259,0.0002602741628718368,,,,0.0002602741628718368,,0.0002602741628718368,5.96021,,combined,42,combined_seed42,50
,0.61297,,,,2702.854941316,,,,,,,,1.27685,0.68681,0.7286,6.84839,,,0.40101,,,,,,,1780021227.9900026,1.22057,51,,,8.54352,,4.68664,0.00025250000000000007,,,,0.00025250000000000007,,0.00025250000000000007,5.99253,,combined,42,combined_seed42,51
,0.65211,,,,2753.721235375,,,,,,,,1.35274,0.67233,0.67992,6.82198,,,0.38021,,,,,,,1780021278.9475062,1.23029,52,,,8.85149,,4.68583,0.0002447258371281633,,,,0.0002447258371281633,,0.0002447258371281633,6.08055,,combined,42,combined_seed42,52
,0.6578,,,,2805.371692503,,,,,,,,1.27389,0.68878,0.65586,6.71005,,,0.39987,,,,,,,1780021330.1401167,1.16369,53,,,8.56767,,4.54063,0.0002369593464164949,,,,0.0002369593464164949,,0.0002369593464164949,5.93967,,combined,42,combined_seed42,53
,0.64793,,,,2855.976368771,,,,,,,,1.29296,0.69577,0.70591,6.66593,,,0.4083,,,,,,,1780021380.973106,1.15882,54,,,8.53087,,4.48117,0.0002292081924536677,,,,0.0002292081924536677,,0.0002292081924536677,5.90608,,combined,42,combined_seed42,54
,0.62998,,,,2906.44749474,,,,,,,,1.27667,0.68968,0.68832,6.62303,,,0.39998,,,,,,,1780021431.540955,1.13996,55,,,8.66966,,4.46829,0.0002214800246928347,,,,0.0002214800246928347,,0.0002214800246928347,5.99258,,combined,42,combined_seed42,55
,0.62523,,,,2956.81484858,,,,,,,,1.2643,0.69607,0.71783,6.624,,,0.4124,,,,,,,1780021482.0538123,1.14278,56,,,8.55244,,4.42498,0.0002137824699025429,,,,0.0002137824699025429,,0.0002137824699025429,5.90008,,combined,42,combined_seed42,56
,0.63376,,,,3007.59879055,,,,,,,,1.31383,0.68317,0.70745,6.60529,,,0.40213,,,,,,,1780021532.7742195,1.12945,57,,,8.67907,,4.38142,0.0002061231246400332,,,,0.0002061231246400332,,0.0002061231246400332,5.92387,,combined,42,combined_seed42,57
,0.64776,,,,3060.407802869,,,,,,,,1.26783,0.69052,0.68165,6.50212,,,0.41115,,,,,,,1780021583.736625,1.09906,58,,,8.69089,,4.34826,0.00019850954775435582,,,,0.00019850954775435582,,0.00019850954775435582,5.97049,,combined,42,combined_seed42,58
,0.61227,,,,3111.30516604,,,,,,,,1.34908,0.67359,0.71022,6.48594,,,0.3937,,,,,,,1780021636.5186183,1.08252,59,,,8.85227,,4.28282,0.00019094925292669846,,,,0.00019094925292669846,,0.00019094925292669846,6.02613,,combined,42,combined_seed42,59
,0.64579,,,,3162.083787132,,,,,,,,1.2588,0.69011,0.70581,6.47131,,,0.40398,,,,,,,1780021687.3126822,1.08732,60,,,8.82828,,4.28367,0.0001834497012552908,,,,0.0001834497012552908,,0.0001834497012552908,5.99705,,combined,42,combined_seed42,60
,0.64583,,,,3212.709405533,,,,,,,,1.26652,0.69811,0.68069,6.50608,,,0.41579,,,,,,,1780021737.7119837,1.08468,61,,,8.66447,,4.26313,0.00017601829389220065,,,,0.00017601829389220065,,0.00017601829389220065,5.96309,,combined,42,combined_seed42,61
,0.63858,,,,3264.36549095,,,,,,,,1.34561,0.67956,0.68978,6.40735,,,0.40179,,,,,,,1780021789.6502397,1.06771,62,,,8.87383,,4.18897,0.00016866236473929043,,,,0.00016866236473929043,,0.00016866236473929043,5.94523,,combined,42,combined_seed42,62
,0.65553,,,,3314.738582078,,,,,,,,1.25658,0.69427,0.69746,6.35718,,,0.4116,,,,,,,1780021839.890517,1.04252,63,,,8.79885,,4.15056,0.00016138917321054225,,,,0.00016138917321054225,,0.00016138917321054225,5.97168,,combined,42,combined_seed42,63
,0.6491,,,,3365.530121377,,,,,,,,1.24866,0.68737,0.69317,6.30935,,,0.40403,,,,,,,1780021890.822215,1.03278,64,,,8.94155,,4.09124,0.0001542058970678918,,,,0.0001542058970678918,,0.0001542058970678918,6.00376,,combined,42,combined_seed42,64
,0.6477,,,,3415.877143861,,,,,,,,1.23743,0.69037,0.71075,6.29776,,,0.41014,,,,,,,1780021941.0931032,1.02199,65,,,8.90342,,4.02175,0.0001471196253376445,,,,0.0001471196253376445,,0.0001471196253376445,6.03846,,combined,42,combined_seed42,65
,0.65374,,,,3468.821794438,,,,,,,,1.22063,0.69831,0.71172,6.29314,,,0.4129,,,,,,,1780021991.8619697,1.01406,66,,,8.76323,,4.0376,0.0001401373513144622,,,,0.0001401373513144622,,0.0001401373513144622,5.96076,,combined,42,combined_seed42,66
,0.65688,,,,3519.033932453,,,,,,,,1.23785,0.69428,0.70091,6.20637,,,0.41437,,,,,,,1780022044.3674583,1.01091,67,,,8.89976,,3.9795,0.00013326596565982546,,,,0.00013326596565982546,,0.00013326596565982546,5.94189,,combined,42,combined_seed42,67
,0.65282,,,,3569.506669646,,,,,,,,1.25732,0.69618,0.69838,6.23574,,,0.41212,,,,,,,1780022094.653344,1.0169,68,,,8.90321,,3.9785,0.0001265122496017831,,,,0.0001265122496017831,,0.0001265122496017831,5.99048,,combined,42,combined_seed42,68
,0.63747,,,,3619.793809747,,,,,,,,1.25998,0.69658,0.69663,6.1684,,,0.41662,,,,,,,1780022145.0832937,0.99355,69,,,9.03456,,3.88506,0.00011988286824269823,,,,0.00011988286824269823,,0.00011988286824269823,6.00131,,combined,42,combined_seed42,69
,0.6892,,,,3670.232371868,,,,,,,,1.20235,0.70063,0.68214,6.13147,,,0.41275,,,,,,,1780022195.2948124,0.98213,70,,,8.92586,,3.88758,0.00011338436398159763,,,,0.00011338436398159763,,0.00011338436398159763,6.01337,,combined,42,combined_seed42,70
,0.64035,,,,3722.426517282,,,,,,,,1.2163,0.70077,0.73406,6.08898,,,0.41377,,,,,,,1780022245.8013327,0.9735,71,,,9.0729,,3.81731,0.00010702315005761298,,,,0.00010702315005761298,,0.00010702315005761298,6.0617,,combined,42,combined_seed42,71
,0.654,,,,3772.786060216,,,,,,,,1.23811,0.69568,0.70292,6.08758,,,0.41294,,,,,,,1780022297.9227192,0.96988,72,,,9.11727,,3.82018,0.0001008055042208883,,,,0.0001008055042208883,,0.0001008055042208883,6.04483,,combined,42,combined_seed42,72
,0.68663,,,,3823.704064106,,,,,,,,1.21368,0.69456,0.67116,6.00032,,,0.41139,,,,,,,1780022348.6945055,0.95164,73,,,9.09824,,3.75479,9.473756253719929e-05,,,,9.473756253719929e-05,,9.473756253719929e-05,6.04324,,combined,42,combined_seed42,73
,0.64157,,,,3874.170835248,,,,,,,,1.2314,0.69363,0.72401,6.10053,,,0.40747,,,,,,,1780022399.2521846,0.96355,74,,,9.06847,,3.82384,8.882531333239618e-05,,,,8.882531333239618e-05,,8.882531333239618e-05,6.00103,,combined,42,combined_seed42,74
,0.66792,,,,3925.634638759,,,,,,,,1.19215,0.70131,0.70244,5.964,,,0.41793,,,,,,,1780022450.6901956,0.92798,75,,,9.11266,,3.72788,8.307459128264955e-05,,,,8.307459128264955e-05,,8.307459128264955e-05,6.04015,,combined,42,combined_seed42,75
,0.66641,,,,3976.138959025,,,,,,,,1.21465,0.7052,0.70845,5.9292,,,0.4194,,,,,,,1780022501.256573,0.92773,76,,,9.12854,,3.67979,7.749107165632952e-05,,,,7.749107165632952e-05,,7.749107165632952e-05,5.9896,,combined,42,combined_seed42,76
,0.65863,,,,4027.008511293,,,,,,,,1.21695,0.70587,0.71699,5.93709,,,0.41876,,,,,,,1780022551.9199553,0.90609,77,,,9.24288,,3.65838,7.208026471320073e-05,,,,7.208026471320073e-05,,7.208026471320073e-05,6.04234,,combined,42,combined_seed42,77
,0.68012,,,,4077.386377697,,,,,,,,1.22037,0.69683,0.67696,5.90667,,,0.41317,,,,,,,1780022602.5345516,0.91016,78,,,9.26981,,3.62678,6.684751026646124e-05,,,,6.684751026646124e-05,,6.684751026646124e-05,6.06699,,combined,42,combined_seed42,78
,0.65313,,,,4130.437605698,,,,,,,,1.23817,0.70099,0.70882,5.88299,,,0.4146,,,,,,,1780022653.3150315,0.91303,79,,,9.3789,,3.60445,6.179797241299223e-05,,,,6.179797241299223e-05,,6.179797241299223e-05,6.09376,,combined,42,combined_seed42,79
,0.65154,,,,4184.019616252,,,,,,,,1.20912,0.70571,0.72061,5.81377,,,0.42118,,,,,,,1780022706.5042949,0.88372,80,,,9.35153,,3.50503,5.693663443701663e-05,,,,5.693663443701663e-05,,5.693663443701663e-05,6.06172,,combined,42,combined_seed42,80
,0.6888,,,,4234.698191879,,,,,,,,1.22079,0.69499,0.6743,5.85266,,,0.41453,,,,,,,1780022759.8505278,0.90595,81,,,9.3896,,3.57233,5.22682938922005e-05,,,,5.22682938922005e-05,,5.22682938922005e-05,6.07774,,combined,42,combined_seed42,81
,0.6607,,,,4285.253829796,,,,,,,,1.23422,0.70285,0.70818,5.84735,,,0.4148,,,,,,,1780022810.277035,0.89418,82,,,9.4181,,3.54542,4.7797557867045985e-05,,,,4.7797557867045985e-05,,4.7797557867045985e-05,6.08061,,combined,42,combined_seed42,82
,0.66566,,,,4338.646639299,,,,,,,,1.22869,0.69859,0.69898,5.71899,,,0.41127,,,,,,,1780022863.5661268,0.85886,83,,,9.41718,,3.43957,4.3528838438251336e-05,,,,4.3528838438251336e-05,,4.3528838438251336e-05,6.09111,,combined,42,combined_seed42,83
,0.66405,,,,4389.110942225,,,,,,,,1.23085,0.70493,0.69687,5.76491,,,0.41642,,,,,,,1780022914.1771007,0.86046,84,,,9.47669,,3.46285,3.946634831652396e-05,,,,3.946634831652396e-05,,3.946634831652396e-05,6.10739,,combined,42,combined_seed42,84
,0.64486,,,,4439.910201361,,,,,,,,1.22403,0.70528,0.73817,5.7465,,,0.41661,,,,,,,1780022964.9890375,0.86994,85,,,9.41506,,3.43152,3.561409668914378e-05,,,,3.561409668914378e-05,,3.561409668914378e-05,6.0799,,combined,42,combined_seed42,85
,0.68476,,,,4490.410568538,,,,,,,,1.23797,0.70059,0.68246,5.76594,,,0.41534,,,,,,,1780023015.4745536,0.86457,86,,,9.49863,,3.44965,3.1975885263378965e-05,,,,3.1975885263378965e-05,,3.1975885263378965e-05,6.09377,,combined,42,combined_seed42,86
,0.67613,,,,4546.789516624,,,,,,,,1.21497,0.69495,0.68286,5.69762,,,0.41377,,,,,,,1780023066.6661558,0.85916,87,,,9.48575,,3.41961,2.855530451466021e-05,,,,2.855530451466021e-05,,2.855530451466021e-05,6.10713,,combined,42,combined_seed42,87
,0.65232,,,,4597.123446517,,,,,,,,1.22734,0.6984,0.69663,5.66947,,,0.41339,,,,,,,1780023122.2960436,0.84706,88,,,9.5081,,3.35751,2.5355730143214685e-05,,,,2.5355730143214685e-05,,2.5355730143214685e-05,6.09321,,combined,42,combined_seed42,88
,0.67794,,,,4648.159660114,,,,,,,,1.22024,0.70178,0.67903,5.63411,,,0.41658,,,,,,,1780023172.9913108,0.84441,89,,,9.47125,,3.31765,2.2380319742657805e-05,,,,2.2380319742657805e-05,,2.2380319742657805e-05,6.07515,,combined,42,combined_seed42,89
,0.68077,,,,4700.627110177,,,,,,,,1.22604,0.69506,0.67742,5.71656,,,0.41067,,,,,,,1780023223.703111,0.84186,90,,,9.49368,,3.38588,1.9632009683829166e-05,,,,1.9632009683829166e-05,,1.9632009683829166e-05,6.09693,,combined,42,combined_seed42,90
,0.64455,,,"{'width': 1920, '_type': 'image-file', 'format': 'jpg', 'path': 'media/images/train_batch6572_91_afcb365527ab32114917.jpg', 'sha256': 'afcb365527ab32114917c17779dd8bd9b8488cf7c77a3a1380fa1e368ec3ad7a', 'size': 591105, 'height': 1920}",4751.720769028,,,"{'height': 1920, 'width': 1920, '_type': 'image-file', 'format': 'jpg', 'path': 'media/images/train_batch6570_91_a51c62a5ba5a4742c4af.jpg', 'sha256': 'a51c62a5ba5a4742c4aff42e65c48244e5a9b68b4b49920bf051b6aa12db9a08', 'size': 654976}",,,,,1.23899,0.6884,0.71269,5.59991,,,0.402,,,,,,,1780023276.784596,0.81134,91,,,9.8507,,3.28758,1.7113512216949455e-05,,,,1.7113512216949455e-05,"{'path': 'media/images/train_batch6571_91_9829c11e64e6d383bd2b.jpg', 'sha256': '9829c11e64e6d383bd2bd34de9c5e3410cf1efde13127075c52ca88d5a71d59f', 'size': 627123, 'height': 1920, 'width': 1920, '_type': 'image-file', 'format': 'jpg'}",1.7113512216949455e-05,6.22227,,combined,42,combined_seed42,91
,0.63523,,,,4802.236494465,,,,,,,,1.24669,0.68904,0.73155,5.46074,,,0.4033,,,,,,,1780023327.4921079,0.75091,92,,,9.85096,,3.07768,1.4827312794956637e-05,,,,1.4827312794956637e-05,,1.4827312794956637e-05,6.20435,,combined,42,combined_seed42,92
,0.64096,,,,4852.757406492,,,,,,,,1.24817,0.69068,0.72177,5.44874,,,0.40523,,,,,,,1780023377.9467914,0.7351,93,,,9.832,,3.09371,1.2775667620663789e-05,,,,1.2775667620663789e-05,,1.2775667620663789e-05,6.18203,,combined,42,combined_seed42,93
,0.63761,,,,4903.078221212,,,,,,,,1.24915,0.69196,0.7236,5.37875,,,0.40758,,,,,,,1780023428.2794676,0.72167,94,,,9.85611,,3.01276,1.0960601420160032e-05,,,,1.0960601420160032e-05,,1.0960601420160032e-05,6.18083,,combined,42,combined_seed42,94
,0.64417,,,,4953.390682802,,,,,,,,1.24116,0.69112,0.70471,5.37475,,,0.40864,,,,,,,1780023478.551541,0.71365,95,,,9.86106,,3.00834,9.383905444649509e-06,,,,9.383905444649509e-06,,9.383905444649509e-06,6.17478,,combined,42,combined_seed42,95
,0.63816,,,,5004.20681369,,,,,,,,1.24309,0.69134,0.71593,5.36723,,,0.40948,,,,,,,1780023529.3834288,0.70648,96,,,9.82158,,2.98793,8.047135702703378e-06,,,,8.047135702703378e-06,,8.047135702703378e-06,6.1466,,combined,42,combined_seed42,96
,0.63697,,,,5055.017936456,,,,,,,,1.23453,0.69207,0.7162,5.34941,,,0.4102,,,,,,,1780023579.9869545,0.70715,97,,,9.79077,,2.96425,6.95161142466677e-06,,,,6.95161142466677e-06,,6.95161142466677e-06,6.13465,,combined,42,combined_seed42,97
,0.65391,,,,5108.490745938,,,,,,,,1.23294,0.69298,0.69357,5.33263,,,0.40883,,,,,,,1780023630.5615914,0.71295,98,,,9.81988,,2.97315,6.09841376073772e-06,,,,6.09841376073772e-06,,6.09841376073772e-06,6.13647,,combined,42,combined_seed42,98
,0.66281,,,,5159.49130737,,,,,,,,1.23193,0.69709,0.68954,5.30903,,,0.4103,,,,,,,1780023684.0950875,0.70372,99,,,9.81659,,2.93222,5.488384714002814e-06,,,,5.488384714002814e-06,,5.488384714002814e-06,6.13369,,combined,42,combined_seed42,99
,0.650635374047947,"{'log_mode': 'IMMUTABLE', '_type': 'table-file', 'ncols': 3, 'path': 'media/table/curves/Precision-Recall(B)_table_100_1872ffbea708a3f7a3e4.table.json', 'nrows': 400, 'artifact_path': 'wandb-client-artifact://gigjwpf978j7tr6dc756s0rk1375y0j2ww38rmmlzfa9aa9vvyruxy7zywhwkvc33y0krnrvcpbgk7jj716wj5q0l875rs1p80rsh0msolxehrz1tpjzcaoynf48zp9o/curves/Precision-Recall(B)_table.table.json', '_latest_artifact_path': 'wandb-client-artifact://gt6gkd4pm8gfcmje2sokjmd5iuadj7vzp6iks2p9dkkn9w0pggmgwfv81eg2wv39twg1rk5owe213wy3jxquaukgjpzpt5g4ec41zk6so3c1ai4plmz9eddi8zm3zj1x:latest/curves/Precision-Recall(B)_table.table.json', 'sha256': '1872ffbea708a3f7a3e4426c891e6f902834520cca0e242f9ecb3f7b8123377e', 'size': 7908}","{'format': 'png', 'path': 'media/images/results_100_3b8e8ed798e1de476b3d.png', 'sha256': '3b8e8ed798e1de476b3de70906d37f6dc5ecdc788ea392e5f520034b7094258b', 'size': 246587, 'height': 1200, 'width': 2400, '_type': 'image-file'}",,5180.013407766,,"{'size': 941077, 'height': 1920, 'width': 1920, '_type': 'image-file', 'format': 'jpg', 'path': 'media/images/val_batch2_labels_100_ec183fed6f1bd8bce281.jpg', 'sha256': 'ec183fed6f1bd8bce2811c709d1755b5f4673184f1ee545c7fe04d707f5cf85d'}",,"{'path': 'media/table/curves/Recall-Confidence(B)_table_100_862bdc6d54927603dfaf.table.json', 'ncols': 3, 'size': 7932, 'nrows': 400, '_latest_artifact_path': 'wandb-client-artifact://618swq7nj0diq5xrhqion8edslfi1ej0erid2jiheeds811qo5t3rt0rdfkcexad46hfo8nc8b6gl1zwebzo45bd0rdrjupms12hhjvs65cl9lv91litaubakud0rmkd:latest/curves/Recall-Confidence(B)_table.table.json', 'sha256': '862bdc6d54927603dfaf7bb7227636ce6400fe88c61fd8b54f3d9d24da2d59d7', 'log_mode': 'IMMUTABLE', 'artifact_path': 'wandb-client-artifact://0tc3rucd1q8gg1qlrkwgzg04d2f373p3x8c5o2aynq7uzzihuft4ssb19mftse14b6yhq4yf2vocfdf6c9cwku1xi0pfpszkkvui250pvqsv5u8pu8fk6gduh8j6plds/curves/Recall-Confidence(B)_table.table.json', '_type': 'table-file'}",,"{'width': 2250, '_type': 'image-file', 'format': 'png', 'path': 'media/images/PR_curve_100_6ea659741c36c4ea2861.png', 'sha256': '6ea659741c36c4ea286171d6adff3e69a2581184d3c5250d7c2a4c1776afd08f', 'size': 170356, 'height': 1500}","{'size': 167319, 'height': 1500, 'width': 2250, '_type': 'image-file', 'format': 'png', 'path': 'media/images/P_curve_100_72811a4d3b5c4d5bd197.png', 'sha256': '72811a4d3b5c4d5bd1973da1345a57a7be41aaff789a5c5bffb7d33bc4162b28'}",1.23238,0.706133749461607,0.7203758375446885,5.2956,"{'width': 3000, '_type': 'image-file', 'format': 'png', 'path': 'media/images/confusion_matrix_normalized_100_fda09630b7efa851d497.png', 'sha256': 'fda09630b7efa851d4975bf7dd3eefad13a04041776527847666af519d6b0316', 'size': 107544, 'height': 2250}",,0.42137316181947865,,,"{'width': 2250, '_type': 'image-file', 'format': 'png', 'path': 'media/images/R_curve_100_e6b9b6b6819a2c54e4e1.png', 'sha256': 'e6b9b6b6819a2c54e4e1bfeff8158bd05e24d4c20c2b801d79af331f048e5a72', 'size': 171191, 'height': 1500}","{'format': 'jpg', 'path': 'media/images/val_batch1_labels_100_a2a2ab952c9f8ac03332.jpg', 'sha256': 'a2a2ab952c9f8ac03332345e661df279322cbe5c7faa2e822a78e6875f6b181f', 'size': 881614, 'height': 1920, 'width': 1920, '_type': 'image-file'}","{'format': 'png', 'path': 'media/images/confusion_matrix_100_7550a2b4506533647ebe.png', 'sha256': '7550a2b4506533647ebe687f8b8f28e957d7946d8b5eadbd3c9d30909e80fdc0', 'size': 101541, 'height': 2250, 'width': 3000, '_type': 'image-file'}","{'_type': 'image-file', 'format': 'png', 'path': 'media/images/F1_curve_100_c219e13eb3bec7367f1b.png', 'sha256': 'c219e13eb3bec7367f1b75e3cb19bbac5dc9ff6afbe6c7d77f2f6c1c05688f5f', 'size': 176513, 'height': 1500, 'width': 2250}",1780023749.4944394,0.70062,100,"{'format': 'jpg', 'path': 'media/images/val_batch1_pred_100_aa151ccb8b8c634abf33.jpg', 'sha256': 'aa151ccb8b8c634abf33b7847b7b06142a34c2d1ce2fe19d3d6a7f7bbc36a659', 'size': 888429, 'height': 1920, 'width': 1920, '_type': 'image-file'}","{'height': 1920, 'width': 1920, '_type': 'image-file', 'format': 'jpg', 'path': 'media/images/val_batch0_pred_100_09e0a80b77acd9a3b47f.jpg', 'sha256': '09e0a80b77acd9a3b47f5e583692ee80e221180239c00da91b53b71a6879d317', 'size': 854793}",9.81382,,2.94304,5.122126309481445e-06,"{'_type': 'image-file', 'format': 'jpg', 'path': 'media/images/val_batch2_pred_100_06458fe721613c00f381.jpg', 'sha256': '06458fe721613c00f38181d0119119fd0fb87116989c406796af5c85e2b6b284', 'size': 956677, 'height': 1920, 'width': 1920}","{'path': 'media/table/curves/Precision-Confidence(B)_table_100_9b6fc92f44294c2ff2dc.table.json', 'size': 7894, '_type': 'table-file', 'log_mode': 'IMMUTABLE', 'artifact_path': 'wandb-client-artifact://vdxbpgzpc48rd3cghud9ely1eynboe8jmg19oy5uqypv40pzobi93fpfflqp6tdd4c98ftkn1y8gbejlflkmcb8213bp8tsiym4c1q397m0o33mttx9mo90rzdelq9p4/curves/Precision-Confidence(B)_table.table.json', 'sha256': '9b6fc92f44294c2ff2dcdbf03802ce4931dbf74d8bc2534c316592d5f9f87e14', '_latest_artifact_path': 'wandb-client-artifact://ewrcmm9guuchs3zo1x64abcm4rkld0mvq63v2emstarzzdvlf73k3lwdgak94u78fsu0xm9spz4p70zmux2co017mamc9ydan3lslgara46dfuy59xn88rexge4npk20:latest/curves/Precision-Confidence(B)_table.table.json', 'nrows': 400, 'ncols': 3}","{'height': 1920, 'width': 1920, '_type': 'image-file', 'format': 'jpg', 'path': 'media/images/val_batch0_labels_100_191276c6f2c0357df44e.jpg', 'sha256': '191276c6f2c0357df44e7eb8ef7d165ea3046b08d018116d8f819c80923a7bf7', 'size': 848160}",5.122126309481445e-06,,5.122126309481445e-06,6.13857,"{'path': 'media/table/curves/F1-Confidence(B)_table_100_8ebf0dedb86177085539.table.json', '_latest_artifact_path': 'wandb-client-artifact://nt39mz6jkauavt2xvem4g81oeltpsky4st6rfgcj55rfac0w2lp89j1sgucudph0p1k36e4qx4br7b0wiwzcyvnjyh76edvakou18lv494q9rccocgc29umyfcyz3ybb:latest/curves/F1-Confidence(B)_table.table.json', 'ncols': 3, 'sha256': '8ebf0dedb861770855399ac8af9628cf9ee57308a309cea29aea88f2c3b5d3a9', 'log_mode': 'IMMUTABLE', 'artifact_path': 'wandb-client-artifact://ats2y3f62t1lfkez9d2iqmolotv4xrsieayjv1hazxznqap5fkg5augi1x6bufz9fzjshjz7bsu9r5us92q1h4n62ywdg1p5u0xt02wc08m01971il6iuhguurv178fj/curves/F1-Confidence(B)_table.table.json', 'size': 7936, '_type': 'table-file', 'nrows': 400}",combined,42,combined_seed42,100
