train_batch2,train/dfl_loss,PR_curve,val/dfl_loss,val_batch2_pred,train_batch1,F1_curve,lr/pg0,metrics/mAP50-95(B),model/parameters,train/box_loss,val_batch0_labels,val_batch2_labels,_step,results,R_curve,_runtime,labels,_timestamp,metrics/recall(B),model/speed_PyTorch(ms),curves/Precision-Confidence(B)_table,confusion_matrix,metrics/mAP50(B),lr/pg2,val/box_loss,curves/F1-Confidence(B)_table,lr/pg1,curves/Recall-Confidence(B)_table,model/GFLOPs,val_batch1_pred,metrics/precision(B),confusion_matrix_normalized,train/cls_loss,val_batch0_pred,curves/Precision-Recall(B)_table,train_batch0,P_curve,val_batch1_labels,val/cls_loss,variant,seed,run_name,epoch
"{'path': 'media/images/train_batch2_1_d3523ead8cb982d65fd8.jpg', 'sha256': 'd3523ead8cb982d65fd8bb55694a6c6e3797e8baa183ce0aa72e66920d80ca88', 'size': 700341, 'height': 1920, 'width': 1920, '_type': 'image-file', 'format': 'jpg'}",3.50952,,3.32522,,"{'format': 'jpg', 'path': 'media/images/train_batch1_1_7abd9c3874d6005c0f75.jpg', 'sha256': '7abd9c3874d6005c0f7577d8a0fa5c63f1bbfaa708a496a31e34fb56990afcd0', 'size': 693430, 'height': 1920, 'width': 1920, '_type': 'image-file'}",,0.06728767123287671,0.04468,42848348.0,2.8583,,,1,,,109.207821468,"{'sha256': '05386a04f4815dd2ac4b2af8d144ee94ed4b7e0bf2a6db1744f5a74654eb4a82', 'size': 284986, 'height': 1600, 'width': 1600, '_type': 'image-file', 'format': 'jpg', 'path': 'media/images/labels_1_05386a04f4815dd2ac4b.jpg'}",1779995718.8357706,0.17242,6.366,,,0.1226,0.00016438356164383562,2.69228,,0.00016438356164383562,,205.617,,0.42987,,3.4649,,,"{'sha256': '7cb9fffed33abd96c07afdfd9dd9ec8636b0249a3264198b52db06f51df5e354', 'size': 805096, 'height': 1920, 'width': 1920, '_type': 'image-file', 'format': 'jpg', 'path': 'media/images/train_batch0_1_7cb9fffed33abd96c07a.jpg'}",,,3.53141,p2,42,p2_seed42,1
,2.87054,,3.00204,,,,0.034120923706324774,0.05255,,2.20767,,,2,,,157.02286777,,1779995768.5089273,0.37288,,,,0.13066,0.0003309693684252292,2.07018,,0.0003309693684252292,,,,0.16096,,2.43919,,,,,,6.93002,p2,42,p2_seed42,2
,2.6018,,2.86628,,,,0.0009538517448965528,0.10609,,1.96477,,,3,,,205.480203101,,1779995816.8187222,0.30848,,,,0.25443,0.0004972307403303534,1.97642,,0.0004972307403303534,,,,0.34938,,2.24147,,,,,,4.82383,p2,42,p2_seed42,3
,2.46048,,2.73248,,,,0.0004989015862392623,0.11046,,1.85883,,,4,,,253.9771878,,1779995865.487658,0.34248,,,,0.2489,0.0004989015862392623,1.92406,,0.0004989015862392623,,,,0.30356,,2.18523,,,,,,4.44776,p2,42,p2_seed42,4
,2.35046,,2.51471,,,,0.0004980483885753333,0.21233,,1.78737,,,5,,,301.498500466,,1779995913.0138376,0.46119,,,,0.4378,0.0004980483885753333,1.74871,,0.0004980483885753333,,,,0.48036,,2.06786,,,,,,3.19988,p2,42,p2_seed42,5
,2.32367,,2.4777,,,,0.0004969528642972965,0.21323,,1.74525,,,6,,,349.271314528,,1779995960.8378692,0.46397,,,,0.43234,0.0004969528642972965,1.74922,,0.0004969528642972965,,,,0.48288,,2.01916,,,,,,3.12316,p2,42,p2_seed42,6
,2.2631,,2.5503,,,,0.0004956160945553505,0.24361,,1.69986,,,7,,,398.952799401,,1779996010.1275697,0.50567,,,,0.50408,0.0004956160945553505,1.80312,,0.0004956160945553505,,,,0.57607,,1.95471,,,,,,2.30759,p2,42,p2_seed42,7
,2.22074,,2.63692,,,,0.00049403939857984,0.19533,,1.65313,,,8,,,446.615281271,,1779996058.0915384,0.45919,,,,0.39464,0.00049403939857984,1.83149,,0.00049403939857984,,,,0.48037,,1.88101,,,,,,2.97019,p2,42,p2_seed42,8
,2.20892,,2.44174,,,,0.0004922243323793363,0.25973,,1.63113,,,9,,,494.611717522,,1779996105.669848,0.47625,,,,0.49749,0.0004922243323793363,1.7045,,0.0004922243323793363,,,,0.57464,,1.82681,,,,,,2.13553,p2,42,p2_seed42,9
,2.16496,,2.40141,,,,0.0004901726872050434,0.28386,,1.59396,,,10,,,542.518909541,,1779996153.6341665,0.55489,,,,0.53883,0.0004901726872050434,1.68091,,0.0004901726872050434,,,,0.58879,,1.75762,,,,,,1.8682,p2,42,p2_seed42,10
,2.16538,,2.35107,,,,0.0004878864877830505,0.31033,,1.61141,,,11,,,590.387279979,,1779996201.4288123,0.56347,,,,0.59338,0.0004878864877830505,1.64028,,0.0004878864877830505,,,,0.63594,,1.7711,,,,,,1.88676,p2,42,p2_seed42,11
,2.14245,,2.34395,,,,0.0004853679903161708,0.30874,,1.58177,,,12,,,640.607047574,,1779996250.0375185,0.55243,,,,0.57799,0.0004853679903161708,1.59905,,0.0004853679903161708,,,,0.61433,,1.72409,,,,,,2.01377,p2,42,p2_seed42,12
,2.13745,,2.25707,,,,0.00048261968025734226,0.32577,,1.55428,,,13,,,689.040627142,,1779996300.5172873,0.56808,,,,0.59766,0.00048261968025734226,1.56054,,0.00048261968025734226,,,,0.63032,,1.66585,,,,,,1.83233,p2,42,p2_seed42,13
,2.10846,,2.28553,,,,0.00047964426985678535,0.33355,,1.54247,,,14,,,737.238491093,,1779996348.6873963,0.5756,,,,0.61081,0.00047964426985678535,1.59264,,0.00047964426985678535,,,,0.64769,,1.64027,,,,,,1.77955,p2,42,p2_seed42,14
,2.07442,,2.25002,,,,0.00047644469548533986,0.35569,,1.50275,,,15,,,784.286689955,,1779996396.0414958,0.60441,,,,0.63665,0.00047644469548533986,1.55379,,0.00047644469548533986,,,,0.65657,,1.61232,,,,,,1.60055,p2,42,p2_seed42,15
,2.05115,,2.31682,,,,0.00047302411473662103,0.32538,,1.4866,,,16,,,831.338301704,,1779996443.0454488,0.59206,,,,0.60665,0.00047302411473662103,1.6116,,0.00047302411473662103,,,,0.63247,,1.56218,,,,,,1.66486,p2,42,p2_seed42,16
,2.04857,,2.27637,,,,0.00046938590331085624,0.35056,,1.47998,,,17,,,878.366253091,,1779996490.05286,0.60454,,,,0.63308,0.00046938590331085624,1.5602,,0.00046938590331085624,,,,0.6668,,1.54828,,,,,,1.52188,p2,42,p2_seed42,17
,2.04943,,2.2919,,,,0.0004655336516834761,0.3537,,1.49799,,,18,,,929.55259207,,1779996536.9771035,0.58393,,,,0.6314,0.0004655336516834761,1.60338,,0.0004655336516834761,,,,0.68803,,1.56271,,,,,,1.55005,p2,42,p2_seed42,18
,2.0378,,2.22588,,,,0.0004614711615617487,0.34909,,1.46892,,,19,,,977.647747311,,1779996589.4115202,0.5756,,,,0.63041,0.0004614711615617487,1.51968,,0.0004614711615617487,,,,0.6758,,1.50697,,,,,,1.55881,p2,42,p2_seed42,19
,2.02684,,2.23778,,,,0.00045720244213295403,0.35746,,1.45556,,,20,,,1026.763545182,,1779996638.2772462,0.57795,,,,0.63689,0.00045720244213295403,1.56682,,0.00045720244213295403,,,,0.67831,,1.47973,,,,,,1.53667,p2,42,p2_seed42,20
,2.007,,2.24369,,,,0.0004527317061077995,0.37296,,1.43671,,,21,,,1073.819478782,,1779996685.4385316,0.61235,,,,0.64596,0.0004527317061077995,1.55189,,0.0004527317061077995,,,,0.64682,,1.4484,,,,,,1.47609,p2,42,p2_seed42,21
,2.00844,,2.25481,,,,0.0004480633655629834,0.35419,,1.43202,,,22,,,1122.71224924,,1779996732.4838245,0.58995,,,,0.62444,0.0004480633655629834,1.57058,,0.0004480633655629834,,,,0.64422,,1.44816,,,,,,1.59738,p2,42,p2_seed42,22
,1.98524,,2.21458,,,,0.00044320202758700784,0.36353,,1.40736,,,23,,,1170.083367461,,1779996781.4285674,0.56864,,,,0.63122,0.00044320202758700784,1.55682,,0.00044320202758700784,,,,0.68328,,1.4387,,,,,,1.57573,p2,42,p2_seed42,23
,1.97638,,2.28945,,,,0.0004381524897335388,0.36242,,1.40429,,,24,,,1222.03403587,,1779996830.9733953,0.60895,,,,0.6529,0.0004381524897335388,1.58713,,0.0004381524897335388,,,,0.67881,,1.38396,,,,,,1.4854,p2,42,p2_seed42,24
,1.98084,,2.27176,,,,0.0004329197352867994,0.36635,,1.40834,,,25,,,1269.20622915,,1779996880.733045,0.59931,,,,0.64495,0.0004329197352867994,1.5778,,0.0004329197352867994,,,,0.66291,,1.38916,,,,,,1.52358,p2,42,p2_seed42,25
,1.96162,,2.23291,,,,0.0004275089283436705,0.38213,,1.38749,,,26,,,1316.220537649,,1779996927.9609294,0.60942,,,,0.66116,0.0004275089283436705,1.54757,,0.0004275089283436705,,,,0.68226,,1.35163,,,,,,1.44281,p2,42,p2_seed42,26
,1.94789,,2.21901,,,,0.0004219254087173504,0.38354,,1.36657,,,27,,,1363.409292504,,1779996974.957823,0.61771,,,,0.66513,0.0004219254087173504,1.52559,,0.0004219254087173504,,,,0.66897,,1.3052,,,,,,1.39063,p2,42,p2_seed42,27
,1.94171,,2.22893,,,,0.0004161746866676038,0.38142,,1.37009,,,28,,,1410.91026425,,1779997022.0229568,0.63004,,,,0.67358,0.0004161746866676038,1.54932,,0.0004161746866676038,,,,0.67073,,1.30647,,,,,,1.40807,p2,42,p2_seed42,28
,1.92861,,2.21251,,,,0.00041026243746280074,0.38067,,1.3529,,,29,,,1459.315204316,,1779997070.9043386,0.61067,,,,0.64966,0.00041026243746280074,1.52168,,0.00041026243746280074,,,,0.68338,,1.28487,,,,,,1.4366,p2,42,p2_seed42,29
,1.92327,,2.20037,,,,0.0004041944957791117,0.39676,,1.3342,,,30,,,1507.734127905,,1779997119.354353,0.63378,,,,0.67815,0.0004041944957791117,1.49708,,0.0004041944957791117,,,,0.69689,,1.26137,,,,,,1.32029,p2,42,p2_seed42,30
,1.91468,,2.2045,,,,0.00039797684994238717,0.39007,,1.34506,,,31,,,1554.883411026,,1779997166.380021,0.62453,,,,0.66992,0.00039797684994238717,1.50479,,0.00039797684994238717,,,,0.70895,,1.24746,,,,,,1.37444,p2,42,p2_seed42,31
,1.91301,,2.22751,,,,0.00039161563601840233,0.38322,,1.32605,,,32,,,1601.747662407,,1779997213.4647655,0.61622,,,,0.67118,0.00039161563601840233,1.50284,,0.00039161563601840233,,,,0.71644,,1.22258,,,,,,1.40634,p2,42,p2_seed42,32
,1.89829,,2.21423,,,,0.00038511713175730166,0.40079,,1.31251,,,33,,,1650.491397906,,1779997260.4359565,0.64044,,,,0.69542,0.00038511713175730166,1.51772,,0.00038511713175730166,,,,0.7363,,1.21372,,,,,,1.32274,p2,42,p2_seed42,33
,1.89101,,2.22722,,,,0.00037848775039821687,0.38867,,1.29709,,,34,,,1697.519094354,,1779997309.093631,0.64061,,,,0.66758,0.00037848775039821687,1.53799,,0.00037848775039821687,,,,0.67737,,1.19594,,,,,,1.34874,p2,42,p2_seed42,34
,1.87237,,2.2279,,,,0.0003717340343401745,0.41057,,1.28983,,,35,,,1744.972337703,,1779997356.2944655,0.65746,,,,0.69976,0.0003717340343401745,1.51903,,0.0003717340343401745,,,,0.70116,,1.16712,,,,,,1.26644,p2,42,p2_seed42,35
,1.86493,,2.22198,,,,0.0003648626486855379,0.39114,,1.27193,,,36,,,1795.310448571,,1779997403.5664463,0.6252,,,,0.6781,0.0003648626486855379,1.52212,,0.0003648626486855379,,,,0.74079,,1.15207,,,,,,1.33417,p2,42,p2_seed42,36
,1.8587,,2.1916,,,,0.00035788037466235543,0.41275,,1.27271,,,37,,,1843.156543669,,1779997454.1088848,0.66268,,,,0.70164,0.00035788037466235543,1.51572,,0.00035788037466235543,,,,0.70238,,1.1331,,,,,,1.27077,p2,42,p2_seed42,37
,1.84021,,2.23518,,,,0.0003507941029321082,0.4012,,1.25289,,,38,,,1890.420516134,,1779997501.7880254,0.62518,,,,0.68018,0.0003507941029321082,1.51485,,0.0003507941029321082,,,,0.70427,,1.11656,,,,,,1.32811,p2,42,p2_seed42,38
,1.828,,2.22668,,,,0.00034361082678945786,0.40364,,1.24985,,,39,,,1937.608408718,,1779997549.0858262,0.63859,,,,0.69056,0.00034361082678945786,1.55453,,0.00034361082678945786,,,,0.70082,,1.08829,,,,,,1.2838,p2,42,p2_seed42,39
,1.8121,,2.23927,,,,0.0003363376352607096,0.39868,,1.22669,,,40,,,1984.706144397,,1779997596.3356545,0.65987,,,,0.6966,0.0003363376352607096,1.53764,,0.0003363376352607096,,,,0.7018,,1.08076,,,,,,1.23848,p2,42,p2_seed42,40
,1.80083,,2.3072,,,,0.00032898170610779956,0.3951,,1.21878,,,41,,,2032.223272977,,1779997643.4869218,0.65768,,,,0.69133,0.00032898170610779956,1.57352,,0.00032898170610779956,,,,0.71,,1.05917,,,,,,1.31343,p2,42,p2_seed42,41
,1.80697,,2.24126,,,,0.0003215502987447093,0.41163,,1.21209,,,42,,,2082.146999257,,1779997690.9005165,0.66134,,,,0.69611,0.0003215502987447093,1.53863,,0.0003215502987447093,,,,0.6993,,1.04233,,,,,,1.25279,p2,42,p2_seed42,42
,1.78883,,2.26394,,,,0.00031405074707330157,0.4168,,1.2039,,,43,,,2130.17216891,,1779997741.7056177,0.6499,,,,0.70333,0.00031405074707330157,1.54631,,0.00031405074707330157,,,,0.71191,,1.03634,,,,,,1.26447,p2,42,p2_seed42,43
,1.78119,,2.26091,,,,0.00030649045224564434,0.39233,,1.18868,,,44,,,2177.426399539,,1779997788.846354,0.64419,,,,0.67371,0.00030649045224564434,1.53432,,0.00030649045224564434,,,,0.70504,,1.00667,,,,,,1.34079,p2,42,p2_seed42,44
,1.75895,,2.24045,,,,0.00029887687535996686,0.42056,,1.16987,,,45,,,2224.851337637,,1779997836.2053862,0.65727,,,,0.70556,0.00029887687535996686,1.53316,,0.00029887687535996686,,,,0.71848,,0.994,,,,,,1.24957,p2,42,p2_seed42,45
,1.7684,,2.24136,,,,0.00029121753009745717,0.40709,,1.17066,,,46,,,2274.435922164,,1779997883.4735987,0.69247,,,,0.69642,0.00029121753009745717,1.51311,,0.00029121753009745717,,,,0.6934,,0.99417,,,,,,1.20103,p2,42,p2_seed42,46
,1.75571,,2.28511,,,,0.00028351997530716536,0.40339,,1.15502,,,47,,,2321.573172603,,1779997933.0493038,0.66656,,,,0.70215,0.00028351997530716536,1.55611,,0.00028351997530716536,,,,0.71693,,0.97147,,,,,,1.23565,p2,42,p2_seed42,47
,1.75011,,2.30209,,,,0.00027579180754633227,0.4129,,1.15242,,,48,,,2372.912697714,,1779997980.1870563,0.66391,,,,0.71151,0.00027579180754633227,1.54747,,0.00027579180754633227,,,,0.73424,,0.96658,,,,,,1.23895,p2,42,p2_seed42,48
,1.73166,,2.28504,,,,0.0002680406535835051,0.41003,,1.13382,,,49,,,2420.506831122,,1779998031.9579196,0.65842,,,,0.69821,0.0002680406535835051,1.54516,,0.0002680406535835051,,,,0.70996,,0.93259,,,,,,1.24147,p2,42,p2_seed42,49
,1.7224,,2.27394,,,,0.0002602741628718368,0.40946,,1.12879,,,50,,,2467.639994476,,1779998079.0862007,0.66664,,,,0.69371,0.0002602741628718368,1.54489,,0.0002602741628718368,,,,0.69859,,0.93288,,,,,,1.23635,p2,42,p2_seed42,50
,1.72189,,2.29629,,,,0.00025250000000000007,0.39911,,1.11139,,,51,,,2514.895729514,,1779998126.265252,0.65189,,,,0.69498,0.00025250000000000007,1.56429,,0.00025250000000000007,,,,0.73573,,0.924,,,,,,1.21182,p2,42,p2_seed42,51
,1.70984,,2.32915,,,,0.0002447258371281633,0.40078,,1.11236,,,52,,,2562.013337125,,1779998173.4994488,0.6581,,,,0.69426,0.0002447258371281633,1.55354,,0.0002447258371281633,,,,0.70571,,0.91436,,,,,,1.27255,p2,42,p2_seed42,52
,1.68597,,2.32443,,,,0.0002369593464164949,0.405,,1.08101,,,53,,,2609.026721227,,1779998220.5823593,0.66904,,,,0.69678,0.0002369593464164949,1.54558,,0.0002369593464164949,,,,0.71157,,0.87903,,,,,,1.21184,p2,42,p2_seed42,53
,1.69499,,2.31437,,,,0.0002292081924536677,0.41255,,1.0894,,,54,,,2656.684118249,,1779998267.6874774,0.66645,,,,0.70476,0.0002292081924536677,1.54465,,0.0002292081924536677,,,,0.71649,,0.87876,,,,,,1.20292,p2,42,p2_seed42,54
,1.67819,,2.31345,,,,0.0002214800246928347,0.41055,,1.07418,,,55,,,2705.551933629,,1779998316.719376,0.68294,,,,0.70772,0.0002214800246928347,1.56622,,0.0002214800246928347,,,,0.69151,,0.86107,,,,,,1.2027,p2,42,p2_seed42,55
,1.65368,,2.28117,,,,0.0002137824699025429,0.41488,,1.04336,,,56,,,2752.637346136,,1779998364.2523234,0.64574,,,,0.71177,0.0002137824699025429,1.53489,,0.0002137824699025429,,,,0.75186,,0.85368,,,,,,1.16798,p2,42,p2_seed42,56
,1.65885,,2.30085,,,,0.0002061231246400332,0.42317,,1.0465,,,57,,,2801.064146857,,1779998412.2504802,0.66365,,,,0.70777,0.0002061231246400332,1.53585,,0.0002061231246400332,,,,0.71955,,0.85258,,,,,,1.18427,p2,42,p2_seed42,57
,1.62792,,2.31547,,,,0.00019850954775435582,0.41292,,1.03084,,,58,,,2848.076301415,,1779998459.683048,0.67383,,,,0.69774,0.00019850954775435582,1.54617,,0.00019850954775435582,,,,0.70165,,0.83074,,,,,,1.19651,p2,42,p2_seed42,58
,1.62078,,2.34543,,,,0.00019094925292669846,0.40998,,1.02047,,,59,,,2897.302041335,,1779998506.648888,0.66847,,,,0.70281,0.00019094925292669846,1.57928,,0.00019094925292669846,,,,0.71169,,0.80385,,,,,,1.19948,p2,42,p2_seed42,59
,1.62677,,2.36116,,,,0.0001834497012552908,0.40691,,1.0186,,,60,,,2944.83393286,,1779998555.9957914,0.65516,,,,0.70377,0.0001834497012552908,1.55435,,0.0001834497012552908,,,,0.73039,,0.79866,,,,,,1.19781,p2,42,p2_seed42,60
,1.63859,,2.33003,,,,0.00017601829389220065,0.41647,,1.01855,,,61,,,2993.324142301,,1779998604.5866485,0.64637,,,,0.70044,0.00017601829389220065,1.54912,,0.00017601829389220065,,,,0.7451,,0.81308,,,,,,1.18216,p2,42,p2_seed42,61
,1.61034,,2.36662,,,,0.00016866236473929043,0.41323,,0.99451,,,62,,,3040.271723189,,1779998651.913421,0.6889,,,,0.70851,0.00016866236473929043,1.55026,,0.00016866236473929043,,,,0.7097,,0.78486,,,,,,1.18424,p2,42,p2_seed42,62
,1.59689,,2.36307,,,,0.00016138917321054225,0.40275,,0.986,,,63,,,3087.427193021,,1779998698.865604,0.65312,,,,0.6969,0.00016138917321054225,1.55429,,0.00016138917321054225,,,,0.72311,,0.77735,,,,,,1.22388,p2,42,p2_seed42,63
,1.5823,,2.36287,,,,0.0001542058970678918,0.40364,,0.97447,,,64,,,3134.525141517,,1779998746.0121243,0.66654,,,,0.6903,0.0001542058970678918,1.54358,,0.0001542058970678918,,,,0.70669,,0.76204,,,,,,1.21317,p2,42,p2_seed42,64
,1.57125,,2.3558,,,,0.0001471196253376445,0.41258,,0.9558,,,65,,,3181.64719144,,1779998793.1602373,0.66382,,,,0.69731,0.0001471196253376445,1.55142,,0.0001471196253376445,,,,0.73009,,0.75629,,,,,,1.18587,p2,42,p2_seed42,65
,1.5779,,2.41403,,,,0.0001401373513144622,0.41033,,0.96185,,,66,,,3229.088126901,,1779998840.2299328,0.65267,,,,0.70333,0.0001401373513144622,1.57005,,0.0001401373513144622,,,,0.76242,,0.743,,,,,,1.21564,p2,42,p2_seed42,66
,1.54859,,2.38507,,,,0.00013326596565982546,0.40785,,0.94161,,,67,,,3277.162075398,,1779998887.6656551,0.64389,,,,0.69636,0.00013326596565982546,1.55998,,0.00013326596565982546,,,,0.74107,,0.72851,,,,,,1.21328,p2,42,p2_seed42,67
,1.55571,,2.41851,,,,0.0001265122496017831,0.40844,,0.94479,,,68,,,3325.285201196,,1779998936.5529344,0.6715,,,,0.69505,0.0001265122496017831,1.56977,,0.0001265122496017831,,,,0.71703,,0.74014,,,,,,1.2352,p2,42,p2_seed42,68
,1.54024,,2.41512,,,,0.00011988286824269823,0.41504,,0.92548,,,69,,,3372.665499157,,1779998983.974087,0.66567,,,,0.70257,0.00011988286824269823,1.57945,,0.00011988286824269823,,,,0.73084,,0.72466,,,,,,1.19654,p2,42,p2_seed42,69
,1.52698,,2.42611,,,,0.00011338436398159763,0.41595,,0.91243,,,70,,,3422.438736222,,1779999031.3123846,0.67034,,,,0.70483,0.00011338436398159763,1.58957,,0.00011338436398159763,,,,0.71726,,0.71522,,,,,,1.21792,p2,42,p2_seed42,70
,1.51874,,2.44041,,,,0.00010702315005761298,0.40964,,0.89979,,,71,,,3470.01433579,,1779999081.0979137,0.65346,,,,0.6991,0.00010702315005761298,1.58835,,0.00010702315005761298,,,,0.74992,,0.70235,,,,,,1.2175,p2,42,p2_seed42,71
,1.51187,,2.43939,,,,0.0001008055042208883,0.40259,,0.89608,,,72,,,3517.907927168,,1779999128.5503907,0.6734,,,,0.69486,0.0001008055042208883,1.57695,,0.0001008055042208883,,,,0.73472,,0.6948,,,,,,1.20321,p2,42,p2_seed42,72
,1.49514,,2.44035,,,,9.473756253719929e-05,0.41488,,0.88283,,,73,,,3566.916145162,,1779999176.5278282,0.68061,,,,0.7061,9.473756253719929e-05,1.57786,,9.473756253719929e-05,,,,0.71825,,0.69227,,,,,,1.20954,p2,42,p2_seed42,73
,1.51626,,2.46069,,,,8.882531333239618e-05,0.41735,,0.89726,,,74,,,3615.764429325,,1779999226.9320824,0.67115,,,,0.70701,8.882531333239618e-05,1.58614,,8.882531333239618e-05,,,,0.73908,,0.69524,,,,,,1.21148,p2,42,p2_seed42,74
,1.48824,,2.46098,,,,8.307459128264955e-05,0.41107,,0.87619,,,75,,,3662.748002642,,1779999274.25987,0.69005,,,,0.70281,8.307459128264955e-05,1.58608,,8.307459128264955e-05,,,,0.71621,,0.66688,,,,,,1.20445,p2,42,p2_seed42,75
,1.47867,,2.4689,,,,7.749107165632952e-05,0.41532,,0.86882,,,76,,,3709.870957005,,1779999321.3223827,0.68031,,,,0.70137,7.749107165632952e-05,1.58714,,7.749107165632952e-05,,,,0.72077,,0.66918,,,,,,1.21463,p2,42,p2_seed42,76
,1.47446,,2.49623,,,,7.208026471320073e-05,0.41919,,0.85772,,,77,,,3758.361171718,,1779999369.501702,0.68705,,,,0.70536,7.208026471320073e-05,1.5968,,7.208026471320073e-05,,,,0.72389,,0.65599,,,,,,1.20423,p2,42,p2_seed42,77
,1.4689,,2.48538,,,,6.684751026646124e-05,0.41607,,0.85179,,,78,,,3805.602417988,,1779999416.930454,0.66225,,,,0.70474,6.684751026646124e-05,1.5926,,6.684751026646124e-05,,,,0.74086,,0.65096,,,,,,1.19946,p2,42,p2_seed42,78
,1.46647,,2.49189,,,,6.179797241299223e-05,0.41222,,0.84706,,,79,,,3852.66699418,,1779999464.1913908,0.65387,,,,0.69761,6.179797241299223e-05,1.59894,,6.179797241299223e-05,,,,0.74842,,0.65522,,,,,,1.2268,p2,42,p2_seed42,79
,1.44608,,2.51896,,,,5.693663443701663e-05,0.41356,,0.82318,,,80,,,3899.95848168,,1779999511.384831,0.69081,,,,0.69841,5.693663443701663e-05,1.59697,,5.693663443701663e-05,,,,0.71666,,0.63471,,,,,,1.21577,p2,42,p2_seed42,80
,1.453,,2.51722,,,,5.22682938922005e-05,0.41298,,0.83658,,,81,,,3949.81484356,,1779999558.71057,0.6642,,,,0.69947,5.22682938922005e-05,1.60067,,5.22682938922005e-05,,,,0.74976,,0.64695,,,,,,1.19986,p2,42,p2_seed42,81
,1.45806,"{'sha256': '25076e0e4a6693025d1848ce81aa417cd7ddd8c734540d6d0d1d95e407f6f8ef', 'size': 168566, 'height': 1500, 'width': 2250, '_type': 'image-file', 'format': 'png', 'path': 'media/images/PR_curve_82_25076e0e4a6693025d18.png'}",2.54341,"{'width': 1920, '_type': 'image-file', 'format': 'jpg', 'path': 'media/images/val_batch2_pred_82_46c9b989a37e70185b93.jpg', 'sha256': '46c9b989a37e70185b93f839947732c6ec5d94ccb1c236c514ae78db35d38ab0', 'size': 950160, 'height': 1920}",,"{'format': 'png', 'path': 'media/images/F1_curve_82_b8980300acbaa20902f4.png', 'sha256': 'b8980300acbaa20902f4cd03b99c0869ce389165cb1c2cbec7e3417a186ec01d', 'size': 172756, 'height': 1500, 'width': 2250, '_type': 'image-file'}",4.7797557867045985e-05,0.4231987877052835,,0.83303,"{'path': 'media/images/val_batch0_labels_82_191276c6f2c0357df44e.jpg', 'sha256': '191276c6f2c0357df44e7eb8ef7d165ea3046b08d018116d8f819c80923a7bf7', 'size': 848160, 'height': 1920, 'width': 1920, '_type': 'image-file', 'format': 'jpg'}","{'height': 1920, 'width': 1920, '_type': 'image-file', 'format': 'jpg', 'path': 'media/images/val_batch2_labels_82_ec183fed6f1bd8bce281.jpg', 'sha256': 'ec183fed6f1bd8bce2811c709d1755b5f4673184f1ee545c7fe04d707f5cf85d', 'size': 941077}",82,"{'width': 2400, '_type': 'image-file', 'format': 'png', 'path': 'media/images/results_82_6b9d62ae4d9ed00eef5f.png', 'sha256': '6b9d62ae4d9ed00eef5fdfc9a2f3eb6f085e58ad38c3ba5461a444973256ec57', 'size': 261565, 'height': 1200}","{'format': 'png', 'path': 'media/images/R_curve_82_011b6c1b5b2624332526.png', 'sha256': '011b6c1b5b26243325269386cf69c4e1109df086a80ba15f4c4a32badbe88838', 'size': 169865, 'height': 1500, 'width': 2250, '_type': 'image-file'}",3968.377494004,,1779999621.1335716,0.663365260877384,,"{'_type': 'table-file', 'log_mode': 'IMMUTABLE', 'sha256': '340fa4604c68f902e9ade226745ec3ea46ea3d6a2de3151d9ee8226edcbf9893', 'artifact_path': 'wandb-client-artifact://hm7fl81n0plypj1wx3wv2n76d2tl4extf4tcvb029c3uul5x1vb7gjussby0p1lo1izydc8kbs1o405wh3g20dcj866xfnvrr06pkasiqvwmi1qiwx30heyslfo48x8r/curves/Precision-Confidence(B)_table.table.json', '_latest_artifact_path': 'wandb-client-artifact://0eemyw9nhl50riyo1si0pymfsxi8g7ju7ucd3qccci39ajprok32qscyu4ij3us5f27qr3l2rkvmdg2ogure4e4j12osml27aai2095iuqlpm1gy3aqs41w6sbq8069s:latest/curves/Precision-Confidence(B)_table.table.json', 'nrows': 400, 'ncols': 3, 'path': 'media/table/curves/Precision-Confidence(B)_table_82_340fa4604c68f902e9ad.table.json', 'size': 7870}","{'sha256': '19cd9d5dc73018d9855561d52e367ca5718b855ac5cc0e911b3ecb2ac88b283f', 'size': 101759, 'height': 2250, 'width': 3000, '_type': 'image-file', 'format': 'png', 'path': 'media/images/confusion_matrix_82_19cd9d5dc73018d98555.png'}",0.7073322765760626,4.7797557867045985e-05,1.61473,"{'log_mode': 'IMMUTABLE', '_type': 'table-file', 'nrows': 400, 'path': 'media/table/curves/F1-Confidence(B)_table_82_14e4154ffd0f24adf36e.table.json', 'size': 7908, 'sha256': '14e4154ffd0f24adf36e89ca8a1f0a6c35b52e56c69b98a89840b131a103afc8', '_latest_artifact_path': 'wandb-client-artifact://6n741ncc7og386s4o30jindb2bbr1eg5uf8ev0yt3weumgs87bk7py8pf58iihlvtoq0d8qau388n3haiuzzqxx6jxr62vdxs4kj9t176oqcf8blkt4rtemmzz61v9j5:latest/curves/F1-Confidence(B)_table.table.json', 'ncols': 3, 'artifact_path': 'wandb-client-artifact://9519f4pihdq0e9ukgtpbdow76qhyqzcyvizlg5919aaf57ulgqtkq0w20xw4t9enmyzda8xdos72zfgoqtw22kk80qm4cng5hudj14bduubbvto507gqa3ic5e7gl6rc/curves/F1-Confidence(B)_table.table.json'}",4.7797557867045985e-05,"{'ncols': 3, 'nrows': 400, 'log_mode': 'IMMUTABLE', '_latest_artifact_path': 'wandb-client-artifact://79xm6hhfaeey8qtgqv0yjkkgvczqueydf8t1rnystx95xwp1mtnunxps1z2k2xb5kzbkf52tkz9xqv2va1i75mwjfm1kz1lczzlub3fe5i4z6gymyghzrb6wl1efffaa:latest/curves/Recall-Confidence(B)_table.table.json', 'sha256': 'ea79fcc90631a66900f5d829a34b463361a53a02f4b4763c2e51abb656e7154f', 'artifact_path': 'wandb-client-artifact://h62olrf1vsfpd3juuilkbgro01c0tv7kojnc5ciet4vm5ncv5aduxcvli3byv9z6iew2yl967v2najg7s7k3jfkrequr7zrnlda7mujshsbprjcm297gr5o27a46jfee/curves/Recall-Confidence(B)_table.table.json', 'path': 'media/table/curves/Recall-Confidence(B)_table_82_ea79fcc90631a66900f5.table.json', 'size': 7912, '_type': 'table-file'}",,"{'_type': 'image-file', 'format': 'jpg', 'path': 'media/images/val_batch1_pred_82_3d028c498f9e76dae955.jpg', 'sha256': '3d028c498f9e76dae955e70509ce142d8205e70e02363a3a1dbbb6c961d6f7a4', 'size': 886972, 'height': 1920, 'width': 1920}",0.7174639548565631,"{'height': 2250, 'width': 3000, '_type': 'image-file', 'format': 'png', 'path': 'media/images/confusion_matrix_normalized_82_a00e7fd2e0e63192dfb8.png', 'sha256': 'a00e7fd2e0e63192dfb88c7c693d6c524c2a5e0720a704c7e11745accdf12cd5', 'size': 114571}",0.64154,"{'path': 'media/images/val_batch0_pred_82_daaed70626cbc4753636.jpg', 'sha256': 'daaed70626cbc4753636bef45394d0cfc81ad7d616f6ab0024627c84f6d4856c', 'size': 853711, 'height': 1920, 'width': 1920, '_type': 'image-file', 'format': 'jpg'}","{'log_mode': 'IMMUTABLE', 'artifact_path': 'wandb-client-artifact://iy8y5cli97xianis19d0s2ju82ou7a7racx33uidpq0y8931pvz0idtsgnswq554e3hvdsdsifgq4rkkz8nks8pce919tr78hxno6qxgbz0asvwotaoyt4bvjh2znzo9/curves/Precision-Recall(B)_table.table.json', 'nrows': 400, 'path': 'media/table/curves/Precision-Recall(B)_table_82_f8c441f3b2ab4377637c.table.json', '_type': 'table-file', 'ncols': 3, 'sha256': 'f8c441f3b2ab4377637c0d0e20f003bbdb12fd79d9a9ed171ce934d3ce78e461', 'size': 7899, '_latest_artifact_path': 'wandb-client-artifact://1o88tgw0rzgoxluplmrxlmk9gpcl5loqeybam620qt57fh6f6pjqkq2jfg9s928icbmwcd2ewhxg0k8u52c3gbb7nqz6xb4eftwg93b9rvg1lxd26fsofmtdobhi79mj:latest/curves/Precision-Recall(B)_table.table.json'}",,"{'height': 1500, 'width': 2250, '_type': 'image-file', 'format': 'png', 'path': 'media/images/P_curve_82_c679aaf72f09b25516ca.png', 'sha256': 'c679aaf72f09b25516cabb8b30058cb9746bc6355a256b0db1d7d64a7083b5c3', 'size': 164841}","{'_type': 'image-file', 'format': 'jpg', 'path': 'media/images/val_batch1_labels_82_a2a2ab952c9f8ac03332.jpg', 'sha256': 'a2a2ab952c9f8ac03332345e661df279322cbe5c7faa2e822a78e6875f6b181f', 'size': 881614, 'height': 1920, 'width': 1920}",1.21933,p2,42,p2_seed42,82
