train_batch2,curves/F1-Confidence(B)_table,curves/Precision-Confidence(B)_table,metrics/mAP50-95(B),val_batch2_labels,results,val_batch0_pred,curves/Recall-Confidence(B)_table,model/parameters,labels,train/dfl_loss,val/dfl_loss,confusion_matrix_normalized,train_batch6571,lr/pg0,metrics/recall(B),metrics/precision(B),P_curve,train_batch0,val/cls_loss,R_curve,val_batch1_pred,val_batch0_labels,model/GFLOPs,metrics/mAP50(B),val/box_loss,F1_curve,train_batch1,val_batch2_pred,train_batch6572,_step,train/cls_loss,_runtime,_timestamp,confusion_matrix,lr/pg2,model/speed_PyTorch(ms),lr/pg1,PR_curve,train_batch6570,curves/Precision-Recall(B)_table,train/box_loss,val_batch1_labels,variant,seed,run_name,epoch
"{'width': 1920, '_type': 'image-file', 'format': 'jpg', 'path': 'media/images/train_batch2_1_d3523ead8cb982d65fd8.jpg', 'sha256': 'd3523ead8cb982d65fd8bb55694a6c6e3797e8baa183ce0aa72e66920d80ca88', 'size': 700341, 'height': 1920}",,,0.07176,,,,,43632153.0,"{'width': 1600, '_type': 'image-file', 'format': 'jpg', 'path': 'media/images/labels_1_05386a04f4815dd2ac4b.jpg', 'sha256': '05386a04f4815dd2ac4b2af8d144ee94ed4b7e0bf2a6db1744f5a74654eb4a82', 'size': 284986, 'height': 1600}",7.59456,10.29225,,,0.06728767123287671,0.23016,0.29052,,"{'size': 805096, 'height': 1920, 'width': 1920, '_type': 'image-file', 'format': 'jpg', 'path': 'media/images/train_batch0_1_7cb9fffed33abd96c07a.jpg', 'sha256': '7cb9fffed33abd96c07afdfd9dd9ec8636b0249a3264198b52db06f51df5e354'}",8.16039,,,,165.412,0.15539,8.41413,,"{'sha256': '7abd9c3874d6005c0f7577d8a0fa5c63f1bbfaa708a496a31e34fb56990afcd0', 'size': 693430, 'height': 1920, 'width': 1920, '_type': 'image-file', 'format': 'jpg', 'path': 'media/images/train_batch1_1_7abd9c3874d6005c0f75.jpg'}",,,1,2.71711,80.84000907,1780015154.6543224,,0.00016438356164383562,3.763,0.00016438356164383562,,,,6.88813,,sizeaware,2024,sizeaware_seed2024,1
,,,0.09271,,,,,,,7.48575,9.16698,,,0.034120923706324774,0.29814,0.23857,,,5.43404,,,,,0.19769,7.5085,,,,,2,2.25092,115.593257856,1780015189.5871472,,0.0003309693684252292,,0.0003309693684252292,,,,6.8102,,sizeaware,2024,sizeaware_seed2024,2
,,,0.09024,,,,,,,7.35908,10.36939,,,0.0009538517448965528,0.35175,0.29801,,,3.33038,,,,,0.23318,8.24111,,,,,3,2.14366,149.659911667,1780015223.9624033,,0.0004972307403303534,,0.0004972307403303534,,,,6.72984,,sizeaware,2024,sizeaware_seed2024,3
,,,0.08824,,,,,,,7.36078,9.44401,,,0.0004989015862392623,0.27277,0.28462,,,4.15779,,,,,0.20472,7.9872,,,,,4,2.12408,183.797134656,1780015258.0367298,,0.0004989015862392623,,0.0004989015862392623,,,,6.72255,,sizeaware,2024,sizeaware_seed2024,4
,,,0.18112,,,,,,,7.25432,8.55334,,,0.0004980483885753333,0.41572,0.44417,,,2.59668,,,,,0.37864,7.17916,,,,,5,2.08836,220.104881606,1780015294.0381765,,0.0004980483885753333,,0.0004980483885753333,,,,6.60802,,sizeaware,2024,sizeaware_seed2024,5
,,,0.22285,,,,,,,7.10736,8.19392,,,0.0004969528642972965,0.46872,0.49969,,,2.23121,,,,,0.44856,6.96418,,,,,6,1.99661,254.356596401,1780015328.5549588,,0.0004969528642972965,,0.0004969528642972965,,,,6.48435,,sizeaware,2024,sizeaware_seed2024,6
,,,0.1517,,,,,,,6.99997,8.47141,,,0.0004956160945553505,0.39378,0.41745,,,2.53784,,,,,0.31054,7.33758,,,,,7,1.96207,288.106438334,1780015362.4636457,,0.0004956160945553505,,0.0004956160945553505,,,,6.4021,,sizeaware,2024,sizeaware_seed2024,7
,,,0.20714,,,,,,,6.93128,7.93145,,,0.00049403939857984,0.44372,0.44535,,,2.28017,,,,,0.40985,6.81589,,,,,8,1.88031,322.239856291,1780015396.4568453,,0.00049403939857984,,0.00049403939857984,,,,6.27493,,sizeaware,2024,sizeaware_seed2024,8
,,,0.2706,,,,,,,6.82983,7.71132,,,0.0004922243323793363,0.48859,0.59041,,,2.42059,,,,,0.50967,6.59363,,,,,9,1.82504,356.047128569,1780015430.6033754,,0.0004922243323793363,,0.0004922243323793363,,,,6.17844,,sizeaware,2024,sizeaware_seed2024,9
,,,0.24738,,,,,,,6.87916,7.88112,,,0.0004901726872050434,0.47589,0.51686,,,1.93484,,,,,0.45876,6.69744,,,,,10,1.77559,389.620549823,1780015464.0935729,,0.0004901726872050434,,0.0004901726872050434,,,,6.10864,,sizeaware,2024,sizeaware_seed2024,10
,,,0.2603,,,,,,,6.73647,7.79579,,,0.0004878864877830505,0.50346,0.5214,,,1.96624,,,,,0.48569,6.73654,,,,,11,1.75947,424.820858085,1780015497.7335248,,0.0004878864877830505,,0.0004878864877830505,,,,6.05288,,sizeaware,2024,sizeaware_seed2024,11
,,,0.27576,,,,,,,6.69958,7.76666,,,0.0004853679903161708,0.50494,0.56793,,,1.76904,,,,,0.51083,6.65736,,,,,12,1.71799,458.43516831,1780015533.028971,,0.0004853679903161708,,0.0004853679903161708,,,,6.00034,,sizeaware,2024,sizeaware_seed2024,12
,,,0.28527,,,,,,,6.71454,7.6549,,,0.00048261968025734226,0.50637,0.60074,,,1.77665,,,,,0.52398,6.47227,,,,,13,1.67504,491.95896178,1780015566.563877,,0.00048261968025734226,,0.00048261968025734226,,,,6.01655,,sizeaware,2024,sizeaware_seed2024,13
,,,0.29661,,,,,,,6.62795,7.3265,,,0.00047964426985678535,0.53877,0.57445,,,2.02681,,,,,0.54433,6.29801,,,,,14,1.6541,525.565603873,1780015600.230878,,0.00047964426985678535,,0.00047964426985678535,,,,5.93365,,sizeaware,2024,sizeaware_seed2024,14
,,,0.28408,,,,,,,6.5519,7.81961,,,0.00047644469548533986,0.47893,0.58751,,,1.80686,,,,,0.51488,6.58103,,,,,15,1.62123,558.898085193,1780015633.539665,,0.00047644469548533986,,0.00047644469548533986,,,,5.80629,,sizeaware,2024,sizeaware_seed2024,15
,,,0.29746,,,,,,,6.54152,7.49998,,,0.00047302411473662103,0.48971,0.61833,,,1.72747,,,,,0.52823,6.38865,,,,,16,1.61425,594.223608993,1780015668.7694662,,0.00047302411473662103,,0.00047302411473662103,,,,5.71866,,sizeaware,2024,sizeaware_seed2024,16
,,,0.31995,,,,,,,6.54521,7.4034,,,0.00046938590331085624,0.56807,0.62191,,,1.58685,,,,,0.57956,6.28981,,,,,17,1.595,628.488451528,1780015702.3474572,,0.00046938590331085624,,0.00046938590331085624,,,,5.7801,,sizeaware,2024,sizeaware_seed2024,17
,,,0.25836,,,,,,,6.51566,7.81699,,,0.0004655336516834761,0.46076,0.55754,,,2.04855,,,,,0.4713,6.65352,,,,,18,1.58968,662.049168707,1780015736.6860352,,0.0004655336516834761,,0.0004655336516834761,,,,5.77165,,sizeaware,2024,sizeaware_seed2024,18
,,,0.28894,,,,,,,6.52095,7.35656,,,0.0004614711615617487,0.5284,0.55554,,,1.76129,,,,,0.52102,6.26671,,,,,19,1.55753,695.410462457,1780015770.1367064,,0.0004614711615617487,,0.0004614711615617487,,,,5.68002,,sizeaware,2024,sizeaware_seed2024,19
,,,0.32242,,,,,,,6.4645,7.24441,,,0.00045720244213295403,0.53599,0.61777,,,1.57578,,,,,0.57251,6.12717,,,,,20,1.53737,728.884035121,1780015803.4886186,,0.00045720244213295403,,0.00045720244213295403,,,,5.61723,,sizeaware,2024,sizeaware_seed2024,20
,,,0.31997,,,,,,,6.42377,7.42478,,,0.0004527317061077995,0.56364,0.62371,,,1.60622,,,,,0.58863,6.31704,,,,,21,1.5103,762.774732489,1780015837.0213833,,0.0004527317061077995,,0.0004527317061077995,,,,5.63358,,sizeaware,2024,sizeaware_seed2024,21
,,,0.34703,,,,,,,6.45551,7.14453,,,0.0004480633655629834,0.5767,0.63728,,,1.59217,,,,,0.61391,5.99225,,,,,22,1.48895,799.917254973,1780015871.6212254,,0.0004480633655629834,,0.0004480633655629834,,,,5.61255,,sizeaware,2024,sizeaware_seed2024,22
,,,0.35662,,,,,,,6.33635,7.12502,,,0.00044320202758700784,0.55678,0.66519,,,1.46471,,,,,0.61718,5.99654,,,,,23,1.48358,836.988387719,1780015908.8411152,,0.00044320202758700784,,0.00044320202758700784,,,,5.47552,,sizeaware,2024,sizeaware_seed2024,23
,,,0.33772,,,,,,,6.30747,7.37302,,,0.0004381524897335388,0.57316,0.60965,,,1.56987,,,,,0.59432,6.2249,,,,,24,1.45289,871.116538105,1780015945.7829342,,0.0004381524897335388,,0.0004381524897335388,,,,5.47365,,sizeaware,2024,sizeaware_seed2024,24
,,,0.34598,,,,,,,6.33483,7.28432,,,0.0004329197352867994,0.56745,0.64588,,,1.68383,,,,,0.61112,6.10227,,,,,25,1.45274,904.811290927,1780015979.317826,,0.0004329197352867994,,0.0004329197352867994,,,,5.46427,,sizeaware,2024,sizeaware_seed2024,25
,,,0.35278,,,,,,,6.29275,7.1267,,,0.0004275089283436705,0.59943,0.62952,,,1.46607,,,,,0.62449,6.07143,,,,,26,1.43362,938.094900274,1780016012.8673756,,0.0004275089283436705,,0.0004275089283436705,,,,5.44211,,sizeaware,2024,sizeaware_seed2024,26
,,,0.36879,,,,,,,6.23991,7.026,,,0.0004219254087173504,0.61528,0.60681,,,1.4478,,,,,0.62709,5.93638,,,,,27,1.38895,971.352004361,1780016046.1289163,,0.0004219254087173504,,0.0004219254087173504,,,,5.34717,,sizeaware,2024,sizeaware_seed2024,27
,,,0.35701,,,,,,,6.20675,7.08027,,,0.0004161746866676038,0.54956,0.69162,,,1.47603,,,,,0.61918,6.00202,,,,,28,1.38434,1006.295942419,1780016081.114369,,0.0004161746866676038,,0.0004161746866676038,,,,5.38102,,sizeaware,2024,sizeaware_seed2024,28
,,,0.36598,,,,,,,6.18816,7.0328,,,0.00041026243746280074,0.59926,0.63008,,,1.39388,,,,,0.62757,5.92959,,,,,29,1.36143,1039.891897871,1780016114.4326327,,0.00041026243746280074,,0.00041026243746280074,,,,5.32871,,sizeaware,2024,sizeaware_seed2024,29
,,,0.36104,,,,,,,6.15237,7.06296,,,0.0004041944957791117,0.59339,0.64804,,,1.46641,,,,,0.63419,5.97519,,,,,30,1.36969,1073.476693915,1780016148.026198,,0.0004041944957791117,,0.0004041944957791117,,,,5.29516,,sizeaware,2024,sizeaware_seed2024,30
,,,0.37125,,,,,,,6.10943,6.9423,,,0.00039797684994238717,0.58564,0.64327,,,1.37939,,,,,0.62272,5.86128,,,,,31,1.33705,1106.720009156,1780016181.6001294,,0.00039797684994238717,,0.00039797684994238717,,,,5.2258,,sizeaware,2024,sizeaware_seed2024,31
,,,0.36303,,,,,,,6.06519,7.03049,,,0.00039161563601840233,0.58695,0.64553,,,1.45469,,,,,0.62125,5.89564,,,,,32,1.31757,1140.229447142,1780016214.8524125,,0.00039161563601840233,,0.00039161563601840233,,,,5.16984,,sizeaware,2024,sizeaware_seed2024,32
,,,0.38677,,,,,,,6.0926,7.09113,,,0.00038511713175730166,0.59132,0.6908,,,1.36535,,,,,0.6572,5.86546,,,,,33,1.31634,1174.024579294,1780016248.3711622,,0.00038511713175730166,,0.00038511713175730166,,,,5.19003,,sizeaware,2024,sizeaware_seed2024,33
,,,0.37773,,,,,,,6.08156,6.97722,,,0.00037848775039821687,0.62743,0.64978,,,1.40438,,,,,0.65238,5.8631,,,,,34,1.30383,1209.781209159,1780016284.3729334,,0.00037848775039821687,,0.00037848775039821687,,,,5.15855,,sizeaware,2024,sizeaware_seed2024,34
,,,0.39521,,,,,,,6.04904,7.05525,,,0.0003717340343401745,0.60746,0.70123,,,1.2899,,,,,0.67087,5.8676,,,,,35,1.27942,1243.238870047,1780016317.905109,,0.0003717340343401745,,0.0003717340343401745,,,,5.12961,,sizeaware,2024,sizeaware_seed2024,35
,,,0.36617,,,,,,,6.04676,7.09633,,,0.0003648626486855379,0.60279,0.61432,,,1.43005,,,,,0.62783,5.98581,,,,,36,1.26284,1276.977506396,1780016351.319981,,0.0003648626486855379,,0.0003648626486855379,,,,5.09783,,sizeaware,2024,sizeaware_seed2024,36
,,,0.3854,,,,,,,5.9684,7.112,,,0.00035788037466235543,0.62088,0.67462,,,1.31916,,,,,0.67261,5.96029,,,,,37,1.26283,1310.013144144,1780016384.9796104,,0.00035788037466235543,,0.00035788037466235543,,,,4.99573,,sizeaware,2024,sizeaware_seed2024,37
,,,0.39322,,,,,,,5.90754,6.94037,,,0.0003507941029321082,0.61099,0.68813,,,1.32062,,,,,0.66065,5.80154,,,,,38,1.24221,1342.972618657,1780016417.9424953,,0.0003507941029321082,,0.0003507941029321082,,,,4.95113,,sizeaware,2024,sizeaware_seed2024,38
,,,0.39543,,,,,,,5.94507,6.94046,,,0.00034361082678945786,0.59125,0.7294,,,1.28303,,,,,0.66396,5.83971,,,,,39,1.22369,1377.79235757,1780016452.7113836,,0.00034361082678945786,,0.00034361082678945786,,,,4.98278,,sizeaware,2024,sizeaware_seed2024,39
,,,0.39726,,,,,,,5.89412,7.01136,,,0.0003363376352607096,0.62622,0.67589,,,1.28469,,,,,0.67033,5.87616,,,,,40,1.22465,1411.027612975,1780016485.8816118,,0.0003363376352607096,,0.0003363376352607096,,,,4.89677,,sizeaware,2024,sizeaware_seed2024,40
,,,0.39026,,,,,,,5.82392,7.0475,,,0.00032898170610779956,0.62791,0.65675,,,1.33234,,,,,0.66265,5.8903,,,,,41,1.20105,1444.107197722,1780016519.0055737,,0.00032898170610779956,,0.00032898170610779956,,,,4.84477,,sizeaware,2024,sizeaware_seed2024,41
,,,0.39079,,,,,,,5.82875,7.01555,,,0.0003215502987447093,0.62617,0.6687,,,1.26475,,,,,0.66745,5.8813,,,,,42,1.18557,1477.223946015,1780016552.0918355,,0.0003215502987447093,,0.0003215502987447093,,,,4.81002,,sizeaware,2024,sizeaware_seed2024,42
,,,0.39199,,,,,,,5.81882,7.07703,,,0.00031405074707330157,0.60936,0.6939,,,1.28025,,,,,0.66121,5.94066,,,,,43,1.17391,1510.522067513,1780016585.1820931,,0.00031405074707330157,,0.00031405074707330157,,,,4.79818,,sizeaware,2024,sizeaware_seed2024,43
,,,0.38907,,,,,,,5.80301,7.14636,,,0.00030649045224564434,0.61259,0.68171,,,1.31559,,,,,0.67146,6.00616,,,,,44,1.15533,1543.80472331,1780016618.4963589,,0.00030649045224564434,,0.00030649045224564434,,,,4.77622,,sizeaware,2024,sizeaware_seed2024,44
,,,0.41324,,,,,,,5.73059,7.15047,,,0.00029887687535996686,0.65909,0.65927,,,1.22678,,,,,0.68548,5.9281,,,,,45,1.14465,1579.327171706,1780016651.7779512,,0.00029887687535996686,,0.00029887687535996686,,,,4.69182,,sizeaware,2024,sizeaware_seed2024,45
,,,0.4044,,,,,,,5.77998,7.04788,,,0.00029121753009745717,0.63411,0.71556,,,1.25356,,,,,0.69008,5.94615,,,,,46,1.14357,1612.495551321,1780016687.3237286,,0.00029121753009745717,,0.00029121753009745717,,,,4.73197,,sizeaware,2024,sizeaware_seed2024,46
,,,0.3987,,,,,,,5.67474,7.15587,,,0.00028351997530716536,0.63217,0.68247,,,1.24142,,,,,0.6774,5.94609,,,,,47,1.11161,1646.470458212,1780016720.6568806,,0.00028351997530716536,,0.00028351997530716536,,,,4.62553,,sizeaware,2024,sizeaware_seed2024,47
,,,0.41075,,,,,,,5.71789,7.10307,,,0.00027579180754633227,0.6425,0.70079,,,1.20668,,,,,0.68987,5.90604,,,,,48,1.12608,1679.972709594,1780016754.6406481,,0.00027579180754633227,,0.00027579180754633227,,,,4.63096,,sizeaware,2024,sizeaware_seed2024,48
,,,0.40774,,,,,,,5.65713,7.04496,,,0.0002680406535835051,0.63798,0.67927,,,1.24473,,,,,0.68308,5.83577,,,,,49,1.0991,1713.659717025,1780016788.1738899,,0.0002680406535835051,,0.0002680406535835051,,,,4.57629,,sizeaware,2024,sizeaware_seed2024,49
,,,0.40679,,,,,,,5.62495,7.08163,,,0.0002602741628718368,0.63164,0.68754,,,1.29843,,,,,0.68414,5.90706,,,,,50,1.09555,1747.498237839,1780016822.0363824,,0.0002602741628718368,,0.0002602741628718368,,,,4.56264,,sizeaware,2024,sizeaware_seed2024,50
,,,0.40329,,,,,,,5.62629,7.17752,,,0.00025250000000000007,0.61911,0.72847,,,1.20323,,,,,0.68925,5.96229,,,,,51,1.08828,1780.739816482,1780016855.5440018,,0.00025250000000000007,,0.00025250000000000007,,,,4.47402,,sizeaware,2024,sizeaware_seed2024,51
,,,0.40876,,,,,,,5.58912,7.25991,,,0.0002447258371281633,0.65144,0.69004,,,1.20651,,,,,0.69958,6.01308,,,,,52,1.10005,1814.22358577,1780016888.684636,,0.0002447258371281633,,0.0002447258371281633,,,,4.52667,,sizeaware,2024,sizeaware_seed2024,52
,,,0.41407,,,,,,,5.51321,7.16119,,,0.0002369593464164949,0.63837,0.72653,,,1.19239,,,,,0.69615,5.90405,,,,,53,1.03556,1847.574667571,1780016922.3736093,,0.0002369593464164949,,0.0002369593464164949,,,,4.36848,,sizeaware,2024,sizeaware_seed2024,53
,,,0.40603,,,,,,,5.48775,7.23172,,,0.0002292081924536677,0.6312,0.72976,,,1.20348,,,,,0.69131,5.93642,,,,,54,1.03584,1880.908487704,1780016955.6407423,,0.0002292081924536677,,0.0002292081924536677,,,,4.35003,,sizeaware,2024,sizeaware_seed2024,54
,,,0.41752,,,,,,,5.46949,7.12315,,,0.0002214800246928347,0.6382,0.7155,,,1.18237,,,,,0.70269,5.87344,,,,,55,1.02791,1915.711769235,1780016990.1685517,,0.0002214800246928347,,0.0002214800246928347,,,,4.3503,,sizeaware,2024,sizeaware_seed2024,55
,,,0.41409,,,,,,,5.46188,7.17097,,,0.0002137824699025429,0.63774,0.71161,,,1.21726,,,,,0.69846,5.88205,,,,,56,1.01892,1954.123306624,1780017023.7636445,,0.0002137824699025429,,0.0002137824699025429,,,,4.25888,,sizeaware,2024,sizeaware_seed2024,56
,,,0.416,,,,,,,5.43425,7.19282,,,0.0002061231246400332,0.64477,0.72515,,,1.18268,,,,,0.70205,5.87631,,,,,57,1.01588,1988.749858317,1780017063.373775,,0.0002061231246400332,,0.0002061231246400332,,,,4.24944,,sizeaware,2024,sizeaware_seed2024,57
,,,0.42249,,,,,,,5.33612,7.1542,,,0.00019850954775435582,0.64125,0.71813,,,1.1711,,,,,0.70256,5.93222,,,,,58,0.98874,2022.210138678,1780017096.8268723,,0.00019850954775435582,,0.00019850954775435582,,,,4.19938,,sizeaware,2024,sizeaware_seed2024,58
,,,0.41204,,,,,,,5.33966,7.32699,,,0.00019094925292669846,0.63855,0.73047,,,1.17724,,,,,0.69667,6.00986,,,,,59,0.95533,2055.563854338,1780017130.239916,,0.00019094925292669846,,0.00019094925292669846,,,,4.15571,,sizeaware,2024,sizeaware_seed2024,59
,,,0.41541,,,,,,,5.34041,7.36138,,,0.0001834497012552908,0.63421,0.72427,,,1.1742,,,,,0.70308,6.04141,,,,,60,0.95447,2090.756438234,1780017165.3528519,,0.0001834497012552908,,0.0001834497012552908,,,,4.12773,,sizeaware,2024,sizeaware_seed2024,60
,,,0.41698,,,,,,,5.41745,7.33557,,,0.00017601829389220065,0.63636,0.74004,,,1.15899,,,,,0.70088,5.94924,,,,,61,0.98274,2125.118825362,1780017199.1337166,,0.00017601829389220065,,0.00017601829389220065,,,,4.13227,,sizeaware,2024,sizeaware_seed2024,61
,,,0.41719,,,,,,,5.28404,7.40563,,,0.00016866236473929043,0.65428,0.71005,,,1.18791,,,,,0.69974,5.98823,,,,,62,0.95588,2159.158867502,1780017233.3919876,,0.00016866236473929043,,0.00016866236473929043,,,,4.03226,,sizeaware,2024,sizeaware_seed2024,62
,,,0.42049,,,,,,,5.27612,7.33898,,,0.00016138917321054225,0.64048,0.74067,,,1.133,,,,,0.70956,5.93986,,,,,63,0.94017,2192.722968598,1780017267.2589402,,0.00016138917321054225,,0.00016138917321054225,,,,4.04461,,sizeaware,2024,sizeaware_seed2024,63
,,,0.41419,,,,,,,5.24542,7.42695,,,0.0001542058970678918,0.66258,0.70309,,,1.17112,,,,,0.69903,6.02654,,,,,64,0.92615,2226.097396374,1780017300.7135062,,0.0001542058970678918,,0.0001542058970678918,,,,4.00162,,sizeaware,2024,sizeaware_seed2024,64
,,,0.42109,,,,,,,5.18314,7.3796,,,0.0001471196253376445,0.6455,0.73655,,,1.12152,,,,,0.70604,6.03907,,,,,65,0.92194,2259.831767319,1780017334.032839,,0.0001471196253376445,,0.0001471196253376445,,,,3.89179,,sizeaware,2024,sizeaware_seed2024,65
,,,0.42103,,,,,,,5.19417,7.35119,,,0.0001401373513144622,0.648,0.73839,,,1.13125,,,,,0.70827,5.95167,,,,,66,0.90861,2292.930504465,1780017367.7656076,,0.0001401373513144622,,0.0001401373513144622,,,,3.92281,,sizeaware,2024,sizeaware_seed2024,66
,,,0.41272,,,,,,,5.16223,7.41232,,,0.00013326596565982546,0.64795,0.7286,,,1.14674,,,,,0.70105,6.01474,,,,,67,0.89379,2327.360475789,1780017402.1475682,,0.00013326596565982546,,0.00013326596565982546,,,,3.87931,,sizeaware,2024,sizeaware_seed2024,67
,,,0.41757,,,,,,,5.15697,7.36451,,,0.0001265122496017831,0.63488,0.7459,,,1.1525,,,,,0.70488,5.9606,,,,,68,0.9052,2362.836845298,1780017435.3293939,,0.0001265122496017831,,0.0001265122496017831,,,,3.84899,,sizeaware,2024,sizeaware_seed2024,68
,,,0.42083,,,,,,,5.13376,7.55329,,,0.00011988286824269823,0.64144,0.73547,,,1.14781,,,,,0.71022,6.05265,,,,,69,0.88866,2396.017284303,1780017470.8280969,,0.00011988286824269823,,0.00011988286824269823,,,,3.76209,,sizeaware,2024,sizeaware_seed2024,69
,,,0.41751,,,,,,,5.07183,7.49396,,,0.00011338436398159763,0.64717,0.72675,,,1.14977,,,,,0.70444,6.00235,,,,,70,0.86353,2429.789771323,1780017503.9488268,,0.00011338436398159763,,0.00011338436398159763,,,,3.74339,,sizeaware,2024,sizeaware_seed2024,70
,,,0.41452,,,,,,,5.0506,7.45893,,,0.00010702315005761298,0.62859,0.75526,,,1.14588,,,,,0.70504,6.03825,,,,,71,0.86704,2463.866901998,1780017538.0658426,,0.00010702315005761298,,0.00010702315005761298,,,,3.70211,,sizeaware,2024,sizeaware_seed2024,71
,,,0.416,,,,,,,5.03839,7.547,,,0.0001008055042208883,0.6668,0.70253,,,1.1477,,,,,0.7078,6.05844,,,,,72,0.85331,2497.558563862,1780017571.876027,,0.0001008055042208883,,0.0001008055042208883,,,,3.69533,,sizeaware,2024,sizeaware_seed2024,72
,,,0.41678,,,,,,,4.9918,7.59131,,,9.473756253719929e-05,0.65178,0.72974,,,1.14193,,,,,0.70369,6.06065,,,,,73,0.85501,2530.945479437,1780017605.5179782,,9.473756253719929e-05,,9.473756253719929e-05,,,,3.65666,,sizeaware,2024,sizeaware_seed2024,73
,,,0.42023,,,,,,,5.0667,7.61535,,,8.882531333239618e-05,0.64517,0.74771,,,1.12916,,,,,0.70642,6.07867,,,,,74,0.85656,2564.331346031,1780017638.9179904,,8.882531333239618e-05,,8.882531333239618e-05,,,,3.70846,,sizeaware,2024,sizeaware_seed2024,74
,,,0.42433,,,,,,,4.97685,7.48591,,,8.307459128264955e-05,0.65694,0.74165,,,1.11403,,,,,0.71236,6.0018,,,,,75,0.82512,2598.021890675,1780017672.4263413,,8.307459128264955e-05,,8.307459128264955e-05,,,,3.62534,,sizeaware,2024,sizeaware_seed2024,75
,,,0.42308,,,,,,,4.93496,7.58882,,,7.749107165632952e-05,0.66536,0.73392,,,1.11607,,,,,0.71278,6.07828,,,,,76,0.82625,2631.580046519,1780017706.0560024,,7.749107165632952e-05,,7.749107165632952e-05,,,,3.56838,,sizeaware,2024,sizeaware_seed2024,76
,,,0.42895,,,,,,,4.96118,7.64361,,,7.208026471320073e-05,0.66523,0.72591,,,1.12431,,,,,0.7137,6.06048,,,,,77,0.80642,2665.076573117,1780017739.6377962,,7.208026471320073e-05,,7.208026471320073e-05,,,,3.56693,,sizeaware,2024,sizeaware_seed2024,77
,,,0.42079,,,,,,,4.95323,7.72246,,,6.684751026646124e-05,0.65791,0.73831,,,1.12285,,,,,0.70966,6.13371,,,,,78,0.80984,2699.232765509,1780017773.6732826,,6.684751026646124e-05,,6.684751026646124e-05,,,,3.54677,,sizeaware,2024,sizeaware_seed2024,78
,,,0.42193,,,,,,,4.91057,7.69674,,,6.179797241299223e-05,0.66819,0.719,,,1.13584,,,,,0.71181,6.0707,,,,,79,0.81465,2734.900725719,1780017807.2396035,,6.179797241299223e-05,,6.179797241299223e-05,,,,3.48062,,sizeaware,2024,sizeaware_seed2024,79
,,,0.42499,,,,,,,4.88012,7.75443,,,5.693663443701663e-05,0.66178,0.73281,,,1.11012,,,,,0.71715,6.10076,,,,,80,0.78975,2768.575233356,1780017842.9817061,,5.693663443701663e-05,,5.693663443701663e-05,,,,3.4085,,sizeaware,2024,sizeaware_seed2024,80
,,,0.42356,,,,,,,4.88869,7.67047,,,5.22682938922005e-05,0.66553,0.71936,,,1.10748,,,,,0.70759,6.07561,,,,,81,0.80898,2802.126140736,1780017876.6423123,,5.22682938922005e-05,,5.22682938922005e-05,,,,3.49078,,sizeaware,2024,sizeaware_seed2024,81
,,,0.42051,,,,,,,4.88488,7.76457,,,4.7797557867045985e-05,0.66513,0.72025,,,1.11907,,,,,0.71124,6.09714,,,,,82,0.79146,2836.212131058,1780017910.0616722,,4.7797557867045985e-05,,4.7797557867045985e-05,,,,3.41986,,sizeaware,2024,sizeaware_seed2024,82
,,,0.41599,,,,,,,4.82892,7.7773,,,4.3528838438251336e-05,0.66307,0.72026,,,1.12615,,,,,0.70416,6.12225,,,,,83,0.76921,2869.909786612,1780017944.2868445,,4.3528838438251336e-05,,4.3528838438251336e-05,,,,3.34192,,sizeaware,2024,sizeaware_seed2024,83
,,,0.42016,,,,,,,4.83687,7.77061,,,3.946634831652396e-05,0.67656,0.71721,,,1.11883,,,,,0.71012,6.12415,,,,,84,0.76657,2905.042540257,1780017979.6516762,,3.946634831652396e-05,,3.946634831652396e-05,,,,3.38298,,sizeaware,2024,sizeaware_seed2024,84
,,,0.41877,,,,,,,4.81067,7.80006,,,3.561409668914378e-05,0.64576,0.74393,,,1.11893,,,,,0.70798,6.1272,,,,,85,0.77276,2941.040162581,1780018013.0099404,,3.561409668914378e-05,,3.561409668914378e-05,,,,3.34313,,sizeaware,2024,sizeaware_seed2024,85
,,,0.41946,,,,,,,4.8439,7.76949,,,3.1975885263378965e-05,0.65693,0.73915,,,1.12105,,,,,0.70947,6.1104,,,,,86,0.76892,2977.031441879,1780018048.9905298,,3.1975885263378965e-05,,3.1975885263378965e-05,,,,3.34114,,sizeaware,2024,sizeaware_seed2024,86
,,,0.42185,,,,,,,4.79151,7.79025,,,2.855530451466021e-05,0.66382,0.73735,,,1.11156,,,,,0.71319,6.11926,,,,,87,0.767,3011.216064826,1780018085.846539,,2.855530451466021e-05,,2.855530451466021e-05,,,,3.31003,,sizeaware,2024,sizeaware_seed2024,87
,,,0.41842,,,,,,,4.79258,7.8708,,,2.5355730143214685e-05,0.65899,0.73246,,,1.12047,,,,,0.70844,6.13423,,,,,88,0.75624,3044.561021421,1780018119.1833444,,2.5355730143214685e-05,,2.5355730143214685e-05,,,,3.29304,,sizeaware,2024,sizeaware_seed2024,88
,,,0.42256,,,,,,,4.75313,7.81659,,,2.2380319742657805e-05,0.65407,0.74293,,,1.10554,,,,,0.71266,6.11158,,,,,89,0.7471,3078.233051595,1780018152.5686116,,2.2380319742657805e-05,,2.2380319742657805e-05,,,,3.25867,,sizeaware,2024,sizeaware_seed2024,89
,,,0.4207,,,,,,,4.83065,7.8418,,,1.9632009683829166e-05,0.66535,0.73839,,,1.11903,,,,,0.7119,6.14164,,,,,90,0.74618,3115.260940538,1780018187.934856,,1.9632009683829166e-05,,1.9632009683829166e-05,,,,3.31622,,sizeaware,2024,sizeaware_seed2024,90
,,,0.40629,,,,,,,4.70822,8.0532,,"{'height': 1920, 'width': 1920, '_type': 'image-file', 'format': 'jpg', 'path': 'media/images/train_batch6571_91_9829c11e64e6d383bd2b.jpg', 'sha256': '9829c11e64e6d383bd2bd34de9c5e3410cf1efde13127075c52ca88d5a71d59f', 'size': 627123}",1.7113512216949455e-05,0.66192,0.71245,,,1.15106,,,,,0.69652,6.19285,,,,"{'width': 1920, '_type': 'image-file', 'format': 'jpg', 'path': 'media/images/train_batch6572_91_afcb365527ab32114917.jpg', 'sha256': 'afcb365527ab32114917c17779dd8bd9b8488cf7c77a3a1380fa1e368ec3ad7a', 'size': 591105, 'height': 1920}",91,0.71808,3151.144879586,1780018225.832159,,1.7113512216949455e-05,,1.7113512216949455e-05,,"{'size': 654976, 'height': 1920, 'width': 1920, '_type': 'image-file', 'format': 'jpg', 'path': 'media/images/train_batch6570_91_a51c62a5ba5a4742c4af.jpg', 'sha256': 'a51c62a5ba5a4742c4aff42e65c48244e5a9b68b4b49920bf051b6aa12db9a08'}",,3.18412,,sizeaware,2024,sizeaware_seed2024,91
,,,0.41122,,,,,,,4.62268,8.00623,,,1.4827312794956637e-05,0.66161,0.7173,,,1.13767,,,,,0.70277,6.17817,,,,,92,0.66743,3184.014576536,1780018258.9556625,,1.4827312794956637e-05,,1.4827312794956637e-05,,,,3.05528,,sizeaware,2024,sizeaware_seed2024,92
,,,0.41159,,,,,,,4.61158,7.99901,,,1.2775667620663789e-05,0.65382,0.73245,,,1.14056,,,,,0.70219,6.17634,,,,,93,0.66175,3216.838977878,1780018291.795349,,1.2775667620663789e-05,,1.2775667620663789e-05,,,,3.05977,,sizeaware,2024,sizeaware_seed2024,93
,,,0.41342,,,,,,,4.58564,7.98936,,,1.0960601420160032e-05,0.6489,0.7344,,,1.13719,,,,,0.70186,6.15647,,,,,94,0.64791,3249.752774146,1780018324.66067,,1.0960601420160032e-05,,1.0960601420160032e-05,,,,3.01016,,sizeaware,2024,sizeaware_seed2024,94
,,,0.41572,,,,,,,4.59334,7.99879,,,9.383905444649509e-06,0.65177,0.7365,,,1.13294,,,,,0.70444,6.16163,,,,,95,0.64509,3282.50224447,1780018357.5230932,,9.383905444649509e-06,,9.383905444649509e-06,,,,2.99252,,sizeaware,2024,sizeaware_seed2024,95
,,,0.41601,,,,,,,4.56337,7.98271,,,8.047135702703378e-06,0.64892,0.74418,,,1.13397,,,,,0.70599,6.14691,,,,,96,0.63178,3317.5805933,1780018390.2808487,,8.047135702703378e-06,,8.047135702703378e-06,,,,2.95816,,sizeaware,2024,sizeaware_seed2024,96
,,,0.41586,,,,,,,4.55613,7.96463,,,6.95161142466677e-06,0.64905,0.74556,,,1.13514,,,,,0.70581,6.1346,,,,,97,0.6332,3350.370964242,1780018425.3581324,,6.95161142466677e-06,,6.95161142466677e-06,,,,2.96166,,sizeaware,2024,sizeaware_seed2024,97
,,,0.41621,,,,,,,4.57329,7.99365,,,6.09841376073772e-06,0.64854,0.7454,,,1.12795,,,,,0.70665,6.15097,,,,,98,0.63395,3383.137839396,1780018458.1354055,,6.09841376073772e-06,,6.09841376073772e-06,,,,2.96667,,sizeaware,2024,sizeaware_seed2024,98
,,,0.41577,,,,,,,4.54468,7.99416,,,5.488384714002814e-06,0.64841,0.74797,,,1.13065,,,,,0.70808,6.15445,,,,,99,0.63086,3415.93148375,1780018490.9094305,,5.488384714002814e-06,,5.488384714002814e-06,,,,2.93034,,sizeaware,2024,sizeaware_seed2024,99
,"{'_latest_artifact_path': 'wandb-client-artifact://dhp44pybq4vem4dlhbhm92wzbd0uhfcb7u19t58yse3kbuustdimuofs28br0cfevye6xiq4wgv79bhuohr6nypzai3q4bv927oos7a86856bslmwrd63li69zyb2nmi:latest/curves/F1-Confidence(B)_table.table.json', 'sha256': 'aca9102ded67397123492738227729344281528a223f6bfa06a0d13f1fca8be2', 'log_mode': 'IMMUTABLE', 'size': 7921, 'nrows': 400, 'ncols': 3, 'artifact_path': 'wandb-client-artifact://6f8gnljnfy1tfw495et0z7yz8jatcxhig1kzj8q68o0a30q7k3cq526h3hedfzs3ea8rs3dli7pu5czb5cjusk7lnb1zy4uvqatd6tnmsz6au0h91wf44mjq7zio1a1k/curves/F1-Confidence(B)_table.table.json', 'path': 'media/table/curves/F1-Confidence(B)_table_100_aca9102ded6739712349.table.json', '_type': 'table-file'}","{'log_mode': 'IMMUTABLE', 'sha256': '40130a13b0d8a67edffcf53f7dc24a9b3646ba8549c981e4d4525cd63c266eec', '_latest_artifact_path': 'wandb-client-artifact://bmyr3nhirpwils1gorld1e2fcgyyvng3z6vre80ax91wgeimhihljnchbh68ncvcgckpvij8kox05acww6cxu3l41t1aadn2cu2tmaz2xih7akj6km7fvbye4s7pte97:latest/curves/Precision-Confidence(B)_table.table.json', 'ncols': 3, 'size': 7902, 'artifact_path': 'wandb-client-artifact://n01lwotleqxzdwrsk3gdcb1pfny7a14odlc7qvb3cdem91g4fbar083pfaou2mqb25lpzpwskb4h2wfc6m9bjrlxtartyx5ptvi3gs3olx5q4kiqkpf2eognazf4nowm/curves/Precision-Confidence(B)_table.table.json', '_type': 'table-file', 'nrows': 400, 'path': 'media/table/curves/Precision-Confidence(B)_table_100_40130a13b0d8a67edffc.table.json'}",0.42897330942771605,"{'path': 'media/images/val_batch2_labels_100_ec183fed6f1bd8bce281.jpg', 'sha256': 'ec183fed6f1bd8bce2811c709d1755b5f4673184f1ee545c7fe04d707f5cf85d', 'size': 941077, 'height': 1920, 'width': 1920, '_type': 'image-file', 'format': 'jpg'}","{'size': 264538, 'height': 1200, 'width': 2400, '_type': 'image-file', 'format': 'png', 'path': 'media/images/results_100_631cf13a8485cd42953a.png', 'sha256': '631cf13a8485cd42953ab15c572a395d1e520a008c5ed62ec29f66a506d197bf'}","{'size': 850841, 'height': 1920, 'width': 1920, '_type': 'image-file', 'format': 'jpg', 'path': 'media/images/val_batch0_pred_100_3503bb1f9368ae73ea62.jpg', 'sha256': '3503bb1f9368ae73ea62dd5b8fc1adae36688830166ecc2e5396c3511e111fc2'}","{'_type': 'table-file', 'sha256': 'ece9bec92720e3b76fbdd82e522db0b70d244e284902f333655fbad409827a17', 'size': 7918, 'ncols': 3, '_latest_artifact_path': 'wandb-client-artifact://e230ngzon6e2k9y2tqxexl4awqjxuk3r6d2tjss19zkgyq9lzo2rbty2hy0sm2166j7kxaj6ovl80vz0xxbxz3ezo052smif1ogklt4a0gquq0l0lhxri3b6vqhgutce:latest/curves/Recall-Confidence(B)_table.table.json', 'nrows': 400, 'log_mode': 'IMMUTABLE', 'artifact_path': 'wandb-client-artifact://fdtinsv1zy3sfeh4vhg71j2jzere6vm268rhjxhlc869xpm8mfyi54ku6gzdq2ykx4zurvwix0j0t800372jjv41f12q462gmhaway9s526zxm9gzgzdbm6itb89sqnw/curves/Recall-Confidence(B)_table.table.json', 'path': 'media/table/curves/Recall-Confidence(B)_table_100_ece9bec92720e3b76fbd.table.json'}",,,4.52442,8.00294,"{'sha256': 'a27c6f5f9ce98b47088c8b37c23fe2bca3433afd23bdf6eacef810776b194e8c', 'size': 113172, 'height': 2250, 'width': 3000, '_type': 'image-file', 'format': 'png', 'path': 'media/images/confusion_matrix_normalized_100_a27c6f5f9ce98b47088c.png'}",,5.122126309481445e-06,0.6651987937566685,0.7259658837847839,"{'path': 'media/images/P_curve_100_53f01cc17b2af0800a0c.png', 'sha256': '53f01cc17b2af0800a0ca4166e252725b9bf5e0c487a88eb31004d8e5eae8a3c', 'size': 168433, 'height': 1500, 'width': 2250, '_type': 'image-file', 'format': 'png'}",,1.13231,"{'height': 1500, 'width': 2250, '_type': 'image-file', 'format': 'png', 'path': 'media/images/R_curve_100_24e337d2de6a0e1fc1c4.png', 'sha256': '24e337d2de6a0e1fc1c4127fc4e29bff6d0d6d7230cc0d84cae37da51edf0b2b', 'size': 169727}","{'sha256': 'a28206a58a1a0a9bf9aa9f444249fae99d9a28d8800377f177061122b84282a9', 'size': 896459, 'height': 1920, 'width': 1920, '_type': 'image-file', 'format': 'jpg', 'path': 'media/images/val_batch1_pred_100_a28206a58a1a0a9bf9aa.jpg'}","{'width': 1920, '_type': 'image-file', 'format': 'jpg', 'path': 'media/images/val_batch0_labels_100_191276c6f2c0357df44e.jpg', 'sha256': '191276c6f2c0357df44e7eb8ef7d165ea3046b08d018116d8f819c80923a7bf7', 'size': 848160, 'height': 1920}",,0.7137667664278323,6.15945,"{'_type': 'image-file', 'format': 'png', 'path': 'media/images/F1_curve_100_b09748e42d18fd9ec020.png', 'sha256': 'b09748e42d18fd9ec020e78248ad04caf5945d9af9e01fd8c6fed963ffe57e0f', 'size': 176294, 'height': 1500, 'width': 2250}",,"{'width': 1920, '_type': 'image-file', 'format': 'jpg', 'path': 'media/images/val_batch2_pred_100_cc2b0ca48e40dbb4fc6b.jpg', 'sha256': 'cc2b0ca48e40dbb4fc6b87fa0d63ca9cf6b8b32c442165ccb49b3d913144a5ac', 'size': 959557, 'height': 1920}",,100,0.63494,3431.586754704,1780018534.9038908,"{'format': 'png', 'path': 'media/images/confusion_matrix_100_9d74c3787db7635a6328.png', 'sha256': '9d74c3787db7635a632846dc97bb41251c588212469a4ba4d3e9c7441317573a', 'size': 101701, 'height': 2250, 'width': 3000, '_type': 'image-file'}",5.122126309481445e-06,,5.122126309481445e-06,"{'path': 'media/images/PR_curve_100_ef278c8e7604745c7fe8.png', 'sha256': 'ef278c8e7604745c7fe866049ee4c48dfd57b4ebe78dabbbaa35dda58427a7b6', 'size': 166654, 'height': 1500, 'width': 2250, '_type': 'image-file', 'format': 'png'}",,"{'artifact_path': 'wandb-client-artifact://mwfbob80g45kxqttpa8zcg9mq1er7eamexorog3oirc3f7orus7es9r245g4n64eowm6vozwgyw091by2vv7zspaz14codrslhdqtwfsrrsdwe65imw59q2shyjijw0d/curves/Precision-Recall(B)_table.table.json', 'ncols': 3, 'nrows': 400, 'path': 'media/table/curves/Precision-Recall(B)_table_100_93601d70d10e0905ac84.table.json', 'sha256': '93601d70d10e0905ac8407ab29c7ef41763a707d3d46da8e358e5b8f374bd295', 'size': 7901, 'log_mode': 'IMMUTABLE', '_latest_artifact_path': 'wandb-client-artifact://yrgjgjnqmmrqn232rpfdpdjm9g5wn33hfmhgy65ulv3aau6fulfo0bem0wvafqwguintkt3uos9ibyjfyu7j57h7fwkiewy8dlqlx4d96524ws2i8xc5g7ihy28ajco9:latest/curves/Precision-Recall(B)_table.table.json', '_type': 'table-file'}",2.94141,"{'size': 881614, 'height': 1920, 'width': 1920, '_type': 'image-file', 'format': 'jpg', 'path': 'media/images/val_batch1_labels_100_a2a2ab952c9f8ac03332.jpg', 'sha256': 'a2a2ab952c9f8ac03332345e661df279322cbe5c7faa2e822a78e6875f6b181f'}",sizeaware,2024,sizeaware_seed2024,100
